Reference sentence PolyAI,XLSR Wav2Vec2 Dutch,Whisper by OpeanAI
ik wil graag mijn kaart blokkeren,ik wil graag mij naar kaart blokkeren,ik wil graag mijn kaart blokkeren
hoi mijn pinpas lijkt gestolen te zijn dus ik vond het alsof je deze zou kunnen blokkeren,goei ar mijn pinpels blijkgestolen te zijn dus e voo alsof i deze zou kunnen blokkeren,hoi mijn pinpas lijkt gestolen te zijn dus ik vond het alsof je deze zou kunnen blokkeren
blokkeer mijn kaart,blokkeer me kaart,blokkeer mijn kaart
ik wil graag mijn kaart blokkeren,ik wil graag meen kaart blokkeren,ik wil graag mijn kaart blokkeren
zou u alsjeblieft mijn kaart willen blokkeren,zout zou u alstublieft mijn kaart willen blokkeren,zou u alsjeblieft mijn kaart willen blokkeren
hoi kan ik mijn kaart bokeeren,hai kan ik mijn kaart blokkeren,hoi kan ik mijn kaart bokeeren
ik wil mijn kaart laten blokkeren hoe gaat dat,ik wil me een kaart laten blokkeren hoe gaat dat,ik wil mijn kaart laten blokkeren hoe gaat dat
goedemiddag ik zit een beetje in de stress ik hoop dat u mij snel kan helpen ik zie dat ik 20 euro van mijn rekening afschat van een onbekende persoon tenminste ik heb zelf de transactie niet gedaan en ik ken ook helemaal niet dat het zon buitenlandse rekening is in boek weet je wel dat dit onbetrouwbaar is het gaat nu om 20 euro dus dat is nog wel te doen maar kunt u zo snel mogelijk mijn kaart gewoon blokkeren en gewoon bevriezen ik weet niet hoe je dit doet,goede middaggej ik zit een beetje in de stres cope turmije snel kan helpen wanteer zie met dat een twintig eurovermirekening afshud van onbekente persoonlijkmistiek heb zelfde transactieniet gebaal en e kenk hermalniet met de zanbuitenlandse rekeninguargezindertien boeke beetje luide te wiisin om betaalbaar ganieuwteintigeuro is dus nog wat te doen maar kunt u zo snel mog ik mijn kaartgehomblokkeren en gal ofr bevrieselijk ennietdoedennoe vergonnis pnier vat zorgen dat u niks meer afgehald kan worden wat ja berekening is ofe in handen van andere mensen moorhokinggewedet zelf ook niet kunturen iie geval daarmee beginnen en naar een danamisschien kunt u de transactie terugboeken want  dit is niet mij nan betalingboekenkwestie,goedemiddag ik zit een beetje in de stress ik hoop dat u mij snel kan helpen ik zie dat ik 20 euro van mijn rekening afschat van een onbekende persoon tenminste ik heb zelf de transactie niet gedaan en ik ken ook helemaal niet dat het zon buitenlandse rekening is in boek weet je wel dat dit onbetrouwbaar is het gaat nu om 20 euro dus dat is nog wel te doen maar kunt u zo snel mogelijk mijn kaart gewoon blokkeren en gewoon bevriezen ik weet niet hoe je dit doet
ik wil mijn kaart blokkeren,ik wil mijn kaart blokkeren,ik wil mijn kaart blokkeren
ik wil mijn bankpas laten blokkeren,ik wil mijn bankpas laten blokkeren,ik wil mijn bankpas laten blokkeren
ik wil mijn kaart blok geven,ik wil mijn kaart blokkeren,ik wil mijn kaart blok geven
kunnen jullie mijn kaart blokkeren,kunnen jullie mijn kaat plokkeren,kunnen jullie mijn kaart blokkeren
hallo ik bel u omdat ik graag alle transacties op mijn kaart wil blokkeren ja blokkeren bevriezen van mijn kaart kunt u dat als verplicht van mij doen,alo spel u omdat ik graag alle transancties op enkanart wil blokkeren  je anblokkerende profrissen van de kaart kunt je dat alstuplicht van mij doen,hallo ik bel u omdat ik graag alle transacties op mijn kaart wil blokkeren ja blokkeren bevriezen van mijn kaart kunt u dat als verplicht van mij doen
goedemorgen ik ben zes jaar mijn pin pas verloren en ik weet ook echt niet waar ik hem kan hebben gelaten dus ik wil eigenlijk dat mijn kaart geblokkeerd wordt zodat al iemand hem vindt er in ieder geval geen gebruik van gemaakt kan worden,we mogen er ik web zeef mijn pimp was verloren en ik weet ook echt niet warikum kan hebben gelaten dus ik wil eigenlijk dat mijn kaart geblokkeerd wordt zelf al imet een vinderen die van geen gebruik van gemaaken kan worden,goedemorgen ik ben zes jaar mijn pin pas verloren en ik weet ook echt niet waar ik hem kan hebben gelaten dus ik wil eigenlijk dat mijn kaart geblokkeerd wordt zodat al iemand hem vindt er in ieder geval geen gebruik van gemaakt kan worden
kunt u mijn kaart blokkeer en alle transacties stoppen,kunt u mijn kraag blokkeren en alle transacties stoppen,kunt u mijn kaart blokkeer en alle transacties stoppen
ik ben mijn kaart verloren en ik wil deze graag blokkeren,ik ben mijn kaart verloren en ik wil deze graag blokkeren,ik ben mijn kaart verloren en ik wil deze graag blokkeren
mijn kaart is vandaag gestolen en nu zou ik deze graag willen blokkeren zodat er geen andere transacties meer mee kunnen gebeuren,mijn daag is vandaag gestolen en zo zou ik deze vaak willen blokkeren zodat er geen andere trantactiespeg mee kunnen gebeuren,mijn kaart is vandaag gestolen en nu zou ik deze graag willen blokkeren zodat er geen andere transacties meer mee kunnen gebeuren
ik wil graag dat jullie mijn kaart bevriezen,ik wil graag dat jullie mijn kaart beviezen,ik wil graag dat jullie mijn kaart bevriezen
stop alle transacties op mijn kaart bevries mijn kaart blokkeer alsjeblieft mijn kaart,stop alle transacties op mijn kaart bevries mijn kaart blokkeer alstublieft mijn kaart,stop alle transacties op mijn kaart bevries mijn kaart blokkeer alsjeblieft mijn kaart
ik zou graag mijn kaart willen blokkeren en daarbij alle transacties op mijn kaart stopzetten,ik zou graag mijn kaart willen blokkeren en daarbij alle transacties om mijn kaart aan stopzetten,ik zou graag mijn kaart willen blokkeren en daarbij alle transacties op mijn kaart stopzetten
ik wil mijn kaart laten blokkeren,ik wil mijn kaart laten blokkeren,ik wil mijn kaart laten blokkeren
mijn kaart is verstolen,mijn kaart is gestolen,mijn kaart is verstolen
goedendag ik ben timothy ik ben al een hele aardige tijd op vakantie en ik zou graag mijn kaart willen laten blokkeren het was net gestolen net 5 minuten geleden en ik zou heel graag dat alle transacties even stop worden gezet dat er niks wordt gedaan zouden jullie dat eenvoudig als sprake van me doen ja ik zou graag dat u mij even op de kaart laten blokkeren ik ben heel blij dat u mij even op de kaart laat blokkeren ik ben heel blij dat u mij even op de kaart laat blokkeren ik ben heel blij dat u mij even op de kaart laat blokkeren ik ben heel blij dat u mij even op de kaart laat blokkeren ik ben heel blij dat u mij even op de kaart laat blokkeren ik ben heel blij dat u mij even op de kaart laat blokkeren ik ben heel blij dat u mij even op de kaart laat blokkeren ik ben heel blij dat u mij even op de kaart laat blokkeren ik ben heel blij dat u mij even op de kaart laat blokkeren ik ben heel blij dat u mij even op de kaart laat blokkeren ik ben heel blij dat u mij even op de kaart laat blokkeren ik ben heel blij dat u mij even op de kaart laat blokkeren ik ben heel blij dat u mij even op de kaart laat blokkeren ik ben heel blij dat u mij even op de kaart laat blokkeren ik ben heel blij dat u mij even op de kaart laat blokkeren ik ben heel blij dat u mij even op de kaart laat blokkeren ik ben heel blij dat u mij even op de kaart laat blokkeren ik ben heel blij dat u mij even op de kaart laat blokkeren ik ben heel blij dat u mij even op de,zoverdag ik ben nahet temakin wij wel heraas bedolmen o pakantie einme en ik zou graag mian kiaf wij luiden blokkeren hent wasnet er gestoten hen vijfmoelbevrij en ik zou jagger aan date evonningen alle consactieseving stop worden gezet vanmix worden gedaan in eet eehals bijzonder doenjamijn prauwe wij heb dan iijn baboord men zou heel gare banni ne hune kaart laten inen bevezigd en it nog geen van dat zienieiedan wogevesteur necht zijn machtka om mij,goedendag ik ben timothy ik ben al een hele aardige tijd op vakantie en ik zou graag mijn kaart willen laten blokkeren het was net gestolen net 5 minuten geleden en ik zou heel graag dat alle transacties even stop worden gezet dat er niks wordt gedaan zouden jullie dat eenvoudig als sprake van me doen ja ik zou graag dat u mij even op de kaart laten blokkeren ik ben heel blij dat u mij even op de kaart laat blokkeren ik ben heel blij dat u mij even op de kaart laat blokkeren ik ben heel blij dat u mij even op de kaart laat blokkeren ik ben heel blij dat u mij even op de kaart laat blokkeren ik ben heel blij dat u mij even op de kaart laat blokkeren ik ben heel blij dat u mij even op de kaart laat blokkeren ik ben heel blij dat u mij even op de kaart laat blokkeren ik ben heel blij dat u mij even op de kaart laat blokkeren ik ben heel blij dat u mij even op de kaart laat blokkeren ik ben heel blij dat u mij even op de kaart laat blokkeren ik ben heel blij dat u mij even op de kaart laat blokkeren ik ben heel blij dat u mij even op de kaart laat blokkeren ik ben heel blij dat u mij even op de kaart laat blokkeren ik ben heel blij dat u mij even op de kaart laat blokkeren ik ben heel blij dat u mij even op de kaart laat blokkeren ik ben heel blij dat u mij even op de kaart laat blokkeren ik ben heel blij dat u mij even op de kaart laat blokkeren ik ben heel blij dat u mij even op de kaart laat blokkeren ik ben heel blij dat u mij even op de
goedemiddag ik zou u graag willen vragen of u een tas kunt plokkeren daar zal ik goede redenen voor hebben waarschijnlijk meer in detail over in zou kunnen gaan wanneer ik daadwerkelijk zou weten wat deze wedende waren dankjewel,voor de middag waren ik zou u vraag wille vraagn oeveraan tas kunst blocueren daar zal it goede redenen voor hebben maar ik meer in detail over indruk kunnen gaan wanneer ik daadwerkelijk zou weten wat deze redenen wadig dank wel,goedemiddag ik zou u graag willen vragen of u een tas kunt plokkeren daar zal ik goede redenen voor hebben waarschijnlijk meer in detail over in zou kunnen gaan wanneer ik daadwerkelijk zou weten wat deze wedende waren dankjewel
stop alle transacties op mijn kaart,stop alle transacties op mijn kaart,stop alle transacties op mijn kaart
ik wil per direct mijn betaalkaart blokkeren,ik wil per direct mijn betaalkaart blokkeren,ik wil per direct mijn betaalkaart blokkeren
hallo ik ben mijn kaart kwijt geraakt en ik wil graag mijn kaart blokkeren zodat er geen betaling meer mee kan maken worden,alloo ik ben mijn kaat kwijtgeraakt en ik wil graag mijn kaart blokcarers te geen betaling vanmerk gemaakt kunnen worden,hallo ik ben mijn kaart kwijt geraakt en ik wil graag mijn kaart blokkeren zodat er geen betaling meer mee kan maken worden
ik wil graag mijn kaart blokkeren ik wil mijn kaart bevriezen ik wil alle transacties op mijn kaart stoppen,ik wil graag mijn kaart blokeren ik wil mijn kaart bevriezen ik wil alle transacties op mijn kaart stoppen,ik wil graag mijn kaart blokkeren ik wil mijn kaart bevriezen ik wil alle transacties op mijn kaart stoppen
blokkeer alsjeblieft mijn kaart,blokkeer alstublieft mijn kaart,blokkeer alsjeblieft mijn kaart
goedemiddag ik ben ben langendijk ik bel omdat ik graag mijn kaart wil blokkeren ik wil meteen dat alle transacties van mijn kaart worden stopgezet bevrieze alsjeblieft mijn kaart want ik vertrouw het even niet ik denk dat mijn kaart is gestolen ik kan nergens vinden en alsjeblieft blokkeer mijn kaart,ni goede mien latenspeewen ben lange rijk ik ben onder graag mijn daaraan mijn kaart wil blokeren ik wach ik wog heb meteen dat er alle transacties van mijn kaart worden topgezet beviest alsjeblieft mijn kaart komt ik vertrouhet eveniet ik denk dat mijn kaart is gestolen kan nergens vinden en alsjeblieft blokkeer mijn kaart,goedemiddag ik ben ben langendijk ik bel omdat ik graag mijn kaart wil blokkeren ik wil meteen dat alle transacties van mijn kaart worden stopgezet bevrieze alsjeblieft mijn kaart want ik vertrouw het even niet ik denk dat mijn kaart is gestolen ik kan nergens vinden en alsjeblieft blokkeer mijn kaart
goedemiddag u spreekt met jannie de winter ik ben zelf klant bij jullie bank en ik ben mijn pas kwijt en ik weet niet waar het ligt en goed wilt u alstublieft mijn kaart blokkeren want ik heb totaal geen idee waar het ligt misschien is hij wel gestolen dus kunt u me alstublieft helpen,goedemiddag ujui spreekt niet jani de wind ui aan ik hetzelf lant bij jullie bank en ik ben mij pas kwijt en ik weet niet waarhet licht en naarcht goed wilt u alstublieft een kaart blokkeren want ik heb totaal geen idee wat licht dus misschien ietjuwel gestolens kunt ume alstublieft holpen,goedemiddag u spreekt met jannie de winter ik ben zelf klant bij jullie bank en ik ben mijn pas kwijt en ik weet niet waar het ligt en goed wilt u alstublieft mijn kaart blokkeren want ik heb totaal geen idee waar het ligt misschien is hij wel gestolen dus kunt u me alstublieft helpen
goedemiddag ik wil graag mijn bankkaart laten blokkeren ik weet alleen niet hoe ik dit moet doen want ik heb het idee dat er transacties afgehaald worden die niet kloppen dus wilt u mij alsjeblieft helpen om dit zo snel mogelijk te blokkeren dan weet ik er wel zeker dat er geen geld wordt afgescheven voor mensen van wie het niet is dankjewel,voormiddag ik wil graag mij een bankaart laten blokkering wijtellen niet hoe dit mot doen want ik heb het idee dat erw van vactie afgehouden voor die niet kloppen dus wilt u mij als jeblieft helpen zo om dit gesnel mogen te blokkeren dan weet ik heer van zeker dat er geen geld wordt afgeschreven voor mensen voor mensen van wileniis dank ju wel,goedemiddag ik wil graag mijn bankkaart laten blokkeren ik weet alleen niet hoe ik dit moet doen want ik heb het idee dat er transacties afgehaald worden die niet kloppen dus wilt u mij alsjeblieft helpen om dit zo snel mogelijk te blokkeren dan weet ik er wel zeker dat er geen geld wordt afgescheven voor mensen van wie het niet is dankjewel
mijn kaart is onlangs gestolen en ik wil nu mijn kaart blokkeren alstublieft bevries hem voor me,mijn kaart is al langsgestolen en ik wil nu mijn kaart blokkeren alstublieft de vissenvolnen,mijn kaart is onlangs gestolen en ik wil nu mijn kaart blokkeren alstublieft bevries hem voor me
zou u graag mijn kaart willen blokkeren,zou u graag mijn kaart willen blokkeren,zou u graag mijn kaart willen blokkeren
goedemiddag ik ben klant bij ubank en ik zou graag mijn kaart blokkeren,goede middag ik ben klans bij uw bank en ik zou graag mijn kaart blokkeren,goedemiddag ik ben klant bij ubank en ik zou graag mijn kaart blokkeren
blokkeer mijn kaart alstublieft,blokkeer mijn kaart alstublieft,blokkeer mijn kaart alstublieft
goedemiddag ik ben mijn kaart verloren onderweg dus ik zou deze graag laten wel een blokkeren,goedemiddag iktaan mij n kaart verloren onderwijs dus ik zou deze gaas laten willen blokkuer maan,goedemiddag ik ben mijn kaart verloren onderweg dus ik zou deze graag laten wel een blokkeren
stop astu blist alat transaktis op main bankart,stot alstublieft alle transacties op mijn bankkaart,stop astu blist alat transaktis op main bankart
kunt u alstublieft mijn kaart blokkeren,kunt u alstublieft mijn kaart blokkeren,kunt u alstublieft mijn kaart blokkeren
ik wil graag mijn kaart bevriezen en alle transacties op mijn kaart stoppen ook zal ik graag willen dat mijn kaart geblokkeerd wordt,ik wil graag met haanbevliezen en alle transacties op mijn kaat stoppen ook zal ik graag willen dat met haat geblokkeerd wordt,ik wil graag mijn kaart bevriezen en alle transacties op mijn kaart stoppen ook zal ik graag willen dat mijn kaart geblokkeerd wordt
goedemiddag ik neem eigenlijk contact met u op omdat ik graag mijn kaart zou willen blokkeren kunt u ervoor zorgen dat alle tranks welke is op mijn kaart vanaf dit moment gestopt zijn dank u wel,goede middag ikam neem aan de contact met u omdat ik graag mijn kaart zou willen blokkeren kunt u dan voorzoc dat alle drang zelkis op mijn kaart van of dit moment gestopt zijn dank u wel,goedemiddag ik neem eigenlijk contact met u op omdat ik graag mijn kaart zou willen blokkeren kunt u ervoor zorgen dat alle tranks welke is op mijn kaart vanaf dit moment gestopt zijn dank u wel
mijn portemonnee is gestolen en ik wil graag per direct mijn kaart verkeren,mijn portemonnee is gestolen en ik wil graag per direct mijn kaart verkeren,mijn portemonnee is gestolen en ik wil graag per direct mijn kaart verkeren
zou je mijn bankpas willen blokkeren alsjeblieft,zou je mijn bankpast willen blokkeren alsjeblieft,zou je mijn bankpas willen blokkeren alsjeblieft
ik wil dat mijn kaart geblokkeerd wordt,ik wil dat mijn kaart geblokkeerd wordt,ik wil dat mijn kaart geblokkeerd wordt
ik wil graag mijn kaart blokkeren,ik wil graag mijn kaart blokkeren,ik wil graag mijn kaart blokkeren
ik wil graag mijn kaart blokkeren,ik wil graag mijn kaart blokkeren,ik wil graag mijn kaart blokkeren
heel goeiemiddag mijn kaart is gestolen en ik wil dat mijn kaart nu geblokkeerd wordt ik hoop dat dat via de telefoon kan dit zijn mijn kaartbegevens en ik wil dat het nu nu geblokkeerd wordt allebei mijn spaar allebei mijn kaarten dankuwel,hede goedemiddag mijne kaart is gestolen en ik woe dat mijn kaart nu geblokkeerd wordt dat je tot viera telefoont kan  naa nitzal kaartengevens en homgodat het nie nu geblokkeerd wordt allebei mit een paar arbij mijn karaten dank u wel,heel goeiemiddag mijn kaart is gestolen en ik wil dat mijn kaart nu geblokkeerd wordt ik hoop dat dat via de telefoon kan dit zijn mijn kaartbegevens en ik wil dat het nu nu geblokkeerd wordt allebei mijn spaar allebei mijn kaarten dankuwel
ik wil graag mijn kaart proberen,ik wil graag mijn kaart plokkeren,ik wil graag mijn kaart proberen
hoi ja ik bel omdat de app van de bank niet goed werkt en ik snap niet goed waarom,kooi ja ik wel omdat de  ap van de dank niet-goedlurken is nog iets goed waarom,hoi ja ik bel omdat de app van de bank niet goed werkt en ik snap niet goed waarom
goedemorgen ik gebruik al een tijdje de app naar alle tevredenheid maar ik krijg hem vandaag niet meer open hij blijft maar hangen en hij wil niet laden,goede morgen ik gebruik al een tijdje de ep naar alle tevredenheid maar ik krijg hem vandaag niet maar open hij blijft maar hangen en hij wil niet laden,goedemorgen ik gebruik al een tijdje de app naar alle tevredenheid maar ik krijg hem vandaag niet meer open hij blijft maar hangen en hij wil niet laden
ik gebruik de app van ubank ik heb deze gewoon uit de playstore gehaald voor mijn android telefoon alleen als ik hem wil openen dan komt hij vast te staan dan gebeurt er niks na een tijdje word ik gewoon weer naar mijn bureaublad gestuurd,en ik gebruik de ap ik gebruik de ap van uw bank ik heb deze gronetten pleesdoor gehaald van mijn endrotelefoon alleen als ik hem wil openen dan komt hij vast te staan dan gebeurt er niets en na entijdje dan wordt ik gewoonweernaar mijn bureauop atgestuurd,ik gebruik de app van ubank ik heb deze gewoon uit de playstore gehaald voor mijn android telefoon alleen als ik hem wil openen dan komt hij vast te staan dan gebeurt er niks na een tijdje word ik gewoon weer naar mijn bureaublad gestuurd
ik wil wel vandaag de app gebruiken maar de app laat helemaal niks hij doet het niet meer,ik wil wel vandaag de et gebruiken maar de abflaatt helemaal niks hij doet het niet meer,ik wil wel vandaag de app gebruiken maar de app laat helemaal niks hij doet het niet meer
ja goeiedag ik wilde even doorgeven dat mijn app niet goed op ja zeg maar laat dus nou kan mijn saldo ook niet zien kan daar wat aan gedaan worden want ik ja vind dit wel vervelend,ja goeije dag maar ik wilde even doorgeven dat mij na ept nie te goedte ope ja zeg mij laat dusse nauw komn mij naar saddo niet te zien kan er wat aan gedaan worden want ik ja ik vindet het wel vervelend,ja goeiedag ik wilde even doorgeven dat mijn app niet goed op ja zeg maar laat dus nou kan mijn saldo ook niet zien kan daar wat aan gedaan worden want ik ja vind dit wel vervelend
als ik de app van mijn bank probeer te openen laat de app niet hij loopt meteen vast,als ik de ap van de bank voor wit te openen laat de ep niet haar lood meteen vast,als ik de app van mijn bank probeer te openen laat de app niet hij loopt meteen vast
kijk de app van mijn bank werkt,gooi de eb van men nauw bankwerk niet,kijk de app van mijn bank werkt
de app laat niet,de ap laat niet,de app laat niet
de bank app werkt niet hij blijft telkens maar op het begin scherm staan met een laat icoontje dus ik kan niet verder,de bankwerkt niet hij blijft telkens maar op rinschem staan met een latikootje dus je kan niet verder,de bank app werkt niet hij blijft telkens maar op het begin scherm staan met een laat icoontje dus ik kan niet verder
hey ik heb jullie app proberen te downloaden maar hij opent niet kunnen jullie mij hierbij helpen,hije ik heb jullie <unk>t proberen te downloden maar hij opent niet kunne jullie mij hierbij helpen,hey ik heb jullie app proberen te downloaden maar hij opent niet kunnen jullie mij hierbij helpen
goedemiddag ik heb op het moment een probleempje met uw app kunt u mij misschien even helpen ik probeer in te loggen maar de app laat zichzelf niet ik kan mijn account zolder niet zien het laat zien dat ik geen toegang heb tot mijn account dus ik wilde even vragen of u mij daarmee zou kunnen helpen,hoe de middag ik heb ap het moment een probleemje met uw ep cutimimciner je helpen an probeer in te lochen maar de et laat zichzelf niet waar kan maan een kant  zalden niet zienn laat zien dat a ik geen toegang heb tot mijn count duza na ik wel even vroag hof u mij daarmee kan zou kunnen helpen,goedemiddag ik heb op het moment een probleempje met uw app kunt u mij misschien even helpen ik probeer in te loggen maar de app laat zichzelf niet ik kan mijn account zolder niet zien het laat zien dat ik geen toegang heb tot mijn account dus ik wilde even vragen of u mij daarmee zou kunnen helpen
de app werkt niet goed hij laat niet,de ab werkt niet goed hij laat niet,de app werkt niet goed hij laat niet
de app open niet ondanks dat ik een verbinding heb met het internet,we heb opent niet ondanks dat ik een verbinding heb met het internet,de app open niet ondanks dat ik een verbinding heb met het internet
goedemiddag ik ben klant bij uw bank en gebruik de app maar ik heb problemen met de app ik kan mijn account salary niet zien weet u wat ik kan doen,goedemiddag ik ben klam bij uw bank en gebruikt ze ep maar k het problem met de epp  kan mijn accountsal er niet zien weten wat je kan doen,goedemiddag ik ben klant bij uw bank en gebruik de app maar ik heb problemen met de app ik kan mijn account salary niet zien weet u wat ik kan doen
the application of my android did not work,de aplicatie op mijn endroyt doet het niet,the application of my android did not work
ik heb geen toegang tot mijn account,ik heb geen toegang tot mijn account,ik heb geen toegang tot mijn account
goedemorgen ik probeer net in te loggen op de app maar elke keer als ik de code heb ingetoetsen en wil inloggen dan crasht app en kom ik er niet in wat kan ik hier dan doen is dat mijn kenprobleem,maa e goede morgen ik probeer net te intelofsen op ee de ep maar elk keer als i ke de kodapeerertoetser wil inloegen dan de castepene commicalitin e wat te kan ik hieraan doen is het bekend probleem,goedemorgen ik probeer net in te loggen op de app maar elke keer als ik de code heb ingetoetsen en wil inloggen dan crasht app en kom ik er niet in wat kan ik hier dan doen is dat mijn kenprobleem
hi de app van de bank werkt niet goed zou je me hiermee kunnen helpen,hijm de eb van de banken werkt niet goed en zou je me hiermee kunnen helpen,hi de app van de bank werkt niet goed zou je me hiermee kunnen helpen
het lukt me niet om de app goed te gebruiken hij wil niet laden,het lukt me niet om de apgoed te gebruiken hij wil niet laden,het lukt me niet om de app goed te gebruiken hij wil niet laden
hallo ik probeerde de app te gebruiken maar hij laadt niet kunt u mij helpen,allo ik probeerde de et te gebruiken maar helaas niet kunt u mij helpen,hallo ik probeerde de app te gebruiken maar hij laadt niet kunt u mij helpen
the app doesnt load is there a problem,de eplaad niet is er een probleem,the app doesnt load is there a problem
goedemiddag u spreekt met de heer ik probeer in te loggen in mijn app maar de app laat niet zijn er misschien werkzaamheden bezig,voe middag is frequentair ik ep probeermen te loggen in mijn ap maar de ap laat niet zijn er misschien e e werkzaamheden bezig,goedemiddag u spreekt met de heer ik probeer in te loggen in mijn app maar de app laat niet zijn er misschien werkzaamheden bezig
goedemiddag ik ben benne langendijk ik bel vanwege de app van uw bank ja die laat niet ik bedoel laat mijn nieuwe account salen maar niet op en dan staat dat er wordt onderhouden maar ja wist ik veel wat het nu was en nu heb ik geen toegang tot mijn account wat moet ik nou doen hoe kunnen we dit oplossen want ik heb het nu toch echt nodig ik wil toch echt wel weten wat erop staat ik heb mijn geld gestort ik wil toch echt weten wat erop staat ik wil toch echt weten wat erop staat ik wil mijn geld gestort ik wil mijn geld gestort ik wil mijn geld gestort ik wil mijn geld gestort ik wil mijn geld gestort ik wil mijn geld gestort ik wil mijn geld gestort ik wil mijn geld gestort ik wil mijn geld gestort ik wil mijn geld gestort ik wil mijn geld gestort ik wil mijn geld gestort ik wil mijn geld gestort ik wil mijn geld gestort ik wil mijn geld gestort ik wil mijn geld gestort ik wil mijn geld gestort ik wil mijn geld gestort ik wil mijn geld gestort ik wil mijn geld gestort ik wil mijn geld gestort ik wil mijn geld gestort ik wil mijn geld gestort ik wil mijn geld gestort ik wil mijn geld gestort ik wil mijn geld gestort ik wil mijn geld gestort ik wil mijn geld gestort ik wil mijn geld gestort ik wil mijn geld gestort ik wil mijn geld gestort ik wil mijn geld gestort ik wil mijn geld gestort ik wil mijn geld gestort ik wil mijn geld gestort ik wil mijn geld gestort ik wil mijn geld gestort ik wil mijn geld gestort ik wil mijn geld gestort ik wil mijn geld gestort ik wil mijn geld gestort ik wil mijn geld gestort ik wil mijn geld stok ik wil,miher goedemiraars ben met de ben belangrijk jar ik bel vanwege de ep die er van u bank ja ni laat niet ik bedoel warm allen laat mijn nieuwe acoutsalden maar niet op en staat dat er wordt onderhoudenmaar ja wist eert veel wel een duwars en u heb ik geen ekapelig een toegang top en an kaanm gen bor ik wal doen hoeweu kunnen we dit oploss on ik heb ik nut toch echt nodig wil toch ech wel weden water opstaan met mijn geldgesporg gestorttegon fijn om te rijpen,goedemiddag ik ben benne langendijk ik bel vanwege de app van uw bank ja die laat niet ik bedoel laat mijn nieuwe account salen maar niet op en dan staat dat er wordt onderhouden maar ja wist ik veel wat het nu was en nu heb ik geen toegang tot mijn account wat moet ik nou doen hoe kunnen we dit oplossen want ik heb het nu toch echt nodig ik wil toch echt wel weten wat erop staat ik heb mijn geld gestort ik wil toch echt weten wat erop staat ik wil toch echt weten wat erop staat ik wil mijn geld gestort ik wil mijn geld gestort ik wil mijn geld gestort ik wil mijn geld gestort ik wil mijn geld gestort ik wil mijn geld gestort ik wil mijn geld gestort ik wil mijn geld gestort ik wil mijn geld gestort ik wil mijn geld gestort ik wil mijn geld gestort ik wil mijn geld gestort ik wil mijn geld gestort ik wil mijn geld gestort ik wil mijn geld gestort ik wil mijn geld gestort ik wil mijn geld gestort ik wil mijn geld gestort ik wil mijn geld gestort ik wil mijn geld gestort ik wil mijn geld gestort ik wil mijn geld gestort ik wil mijn geld gestort ik wil mijn geld gestort ik wil mijn geld gestort ik wil mijn geld gestort ik wil mijn geld gestort ik wil mijn geld gestort ik wil mijn geld gestort ik wil mijn geld gestort ik wil mijn geld gestort ik wil mijn geld gestort ik wil mijn geld gestort ik wil mijn geld gestort ik wil mijn geld gestort ik wil mijn geld gestort ik wil mijn geld gestort ik wil mijn geld gestort ik wil mijn geld gestort ik wil mijn geld gestort ik wil mijn geld gestort ik wil mijn geld gestort ik wil mijn geld stok ik wil
ik heb geen toegang meer tot mijn account,ik heb geen toegang meer toe tedn mijn erkount,ik heb geen toegang meer tot mijn account
op dit moment ben ik de app aan het gebruiken en ik kan dus niet verder terugkijken dan een jaar geleden wat heel erg storend is want ik moet mijn bank afschriften voor dit jaar en vorig jaar met elkaar vergelijken voor de belastingdienst,dit moment ben ik  epantgebruik en ik kan dus niet verder terugkijk kijken dan een jaars geleden wat heel erstorend is want ik moet mijn bankafschriften voor dit jaar en vors gaan hetkaar vergelijken voor de belasting is,op dit moment ben ik de app aan het gebruiken en ik kan dus niet verder terugkijken dan een jaar geleden wat heel erg storend is want ik moet mijn bank afschriften voor dit jaar en vorig jaar met elkaar vergelijken voor de belastingdienst
goedemiddag u spreekt met jannie de winter ik ben klant bij ing en ik heb dezelfde ingapp maar de app laat niet als ik de app opzart laat die mijn saldo niet zien en sluit de app automatisch af ik heb de app al eraf gegooid en opnieuw erop geprobeerd te zetten alleen het geeft geen verandering,goeja middag bespreekt met janny d winter aan ik ben klant bijingee en ernaar ik heb zelf de en eng-eb maar de eblaat niet e naar goed te af de aplobsart laat els lat die mijn saldoe niet zien en sluitten hep automatisch af naar goed en kheb e ebwat aan het draf gooiten opnieuwderoprbef ceppen alleen geeft dus ean miar het geeft geen verandering er kunt u mij verder helpen,goedemiddag u spreekt met jannie de winter ik ben klant bij ing en ik heb dezelfde ingapp maar de app laat niet als ik de app opzart laat die mijn saldo niet zien en sluit de app automatisch af ik heb de app al eraf gegooid en opnieuw erop geprobeerd te zetten alleen het geeft geen verandering
hallo de app die laat niet ik wil mijn bankstel wel bekijken maar ik kan het niet zien er staat iets over onhoud maar ik heb gewoon geen toegang kunnen jullie dat oplossen,hij houdt de ruise ap die laat niet je wil nij bangsol wel bekijken maar ik kan het niet zien es haats iets over onderhoud maar ik heb gan gmijn toegaan kun e je dat oplossen,hallo de app die laat niet ik wil mijn bankstel wel bekijken maar ik kan het niet zien er staat iets over onhoud maar ik heb gewoon geen toegang kunnen jullie dat oplossen
de app die heeft niet veel weer en draait een koontje rond,terf dif die heeft niet  veel weer en wij drijft een bom dontcje rons,de app die heeft niet veel weer en draait een koontje rond
hallo ik open de net app en ik zag dat die niet laden ligt dat aan mijn internet of moet ik mijn wachtwoord ergens invullen ligt het aan mij of zijn er technische problemen bij de bank kunnen jullie mij daarbij helpen,holo ike opene netten ep en ik ga zagdat die niet laden en ligt dat aan mijn internet of en moet ik mijn wachtwoord ergs invullen 'zet ligt het aar mij of zijn nieuwen technische problemen bij de bank en kunt u daar mij bij helpen,hallo ik open de net app en ik zag dat die niet laden ligt dat aan mijn internet of moet ik mijn wachtwoord ergens invullen ligt het aan mij of zijn er technische problemen bij de bank kunnen jullie mij daarbij helpen
hoi ik maak gebruik van jullie app en die lijkt niet helemaal goed te werken ik kan mijn salon niet zien,en woei erk maak gebruik van julie  p en die lijkt niet hem goed te werken er ik kan mij sallo niet zien,hoi ik maak gebruik van jullie app en die lijkt niet helemaal goed te werken ik kan mijn salon niet zien
goedemiddag je spreekt met thomas ik ben nu sinds een aantal weken klant bij jullie en jullie hebben zon app die ik echt geweldig vind om te gebruiken echt super handig maar als ik hem open dan staat er dat ik geen internetverbinding heb terwijl ik heb gewoon een internetverbinding dus dat zou ik gewoon moeten doen kunnen jullie mij daarbij helpen,goeden middag gisprkt met thomas en ja ik ben u sinds de aangelegen landen jullie en em k heb julli heb zo'n ep die ik echt vergeweldig vends wangens om te gebruiken echt superhandig maar een ja als ik hem open dan stamijdag geen internetverbinding heb te wilde ja ik heb gewoon internetverminiers het zout van moeten doen een kanueling met mu e ja kunen lie mij daarbij helpen,goedemiddag je spreekt met thomas ik ben nu sinds een aantal weken klant bij jullie en jullie hebben zon app die ik echt geweldig vind om te gebruiken echt super handig maar als ik hem open dan staat er dat ik geen internetverbinding heb terwijl ik heb gewoon een internetverbinding dus dat zou ik gewoon moeten doen kunnen jullie mij daarbij helpen
hallo ik kan geen toegang krijgen tot mijn bankaccount want de app slaat niet,vano ik kan geen toegang krijgen tot mijn bankerkount want ze abslaat niet,hallo ik kan geen toegang krijgen tot mijn bankaccount want de app slaat niet
de app loopt vast waardoor ik mezelf nog niet meer kan zien,de aploop wast wat ook mij selden nieuer kan zien,de app loopt vast waardoor ik mezelf nog niet meer kan zien
mijn app laat niet,mijn ap laat niet,mijn app laat niet
goedemiddag mijn app werkt niet goed er staat dat het onderhouden wordt en nu heb ik geen toegang,goede middag mijn atbif nieuwis en anstaat dat het onderhouden wort en u hebt geen toegang,goedemiddag mijn app werkt niet goed er staat dat het onderhouden wordt en nu heb ik geen toegang
ik heb sinds gisteren de app geïnstalleerd maar wanneer ik probeer is in te loggen lukt dat niet dan krijg ik een phone melding te zien,ik heb sijns gisteren de eb geinsalleerd en maag wanneer probeezen in te lokkeen luk dat dit tataail een foutmelding te vinden,ik heb sinds gisteren de app geïnstalleerd maar wanneer ik probeer is in te loggen lukt dat niet dan krijg ik een phone melding te zien
er is een probleem met de app hij werkt niet,er is een probleem met de ep hij werkt niet,er is een probleem met de app hij werkt niet
goedemorgen ik was bezig met mijn geldbedragen via jullie app te regelen alleen nu merk ik dat het bedragen niet overgemaakt worden hij wil daarbij niet laden dus ik krijg geen nieuw bedrag te zien wat kan ik hiermee doen,goeienmorgen e ik was bezig met en mufel bedragen vie jullie eb teregelen alleen en almerk ik dat de bedragen hierover gemaakt worden hij wil daarbij nietnieut e later zokom ik rij geen nieuw bedrag te zien wat kan ik hiermee doen,goedemorgen ik was bezig met mijn geldbedragen via jullie app te regelen alleen nu merk ik dat het bedragen niet overgemaakt worden hij wil daarbij niet laden dus ik krijg geen nieuw bedrag te zien wat kan ik hiermee doen
ik probeer de app van de bank te gebruiken maar deze laat niet,ik probeer de ap van de bank te gebruiken maar deze laat niet,ik probeer de app van de bank te gebruiken maar deze laat niet
hallo ik maak gebruik van jullie app voor het internetbankieren maar op dit moment krijg ik constant een error en de app wil niet openen en zo kan ik ook niet mijn saldo bekijken en dan moet ik nog een overboek doen maar er staat dat ik er niet bij kan is er iets aan de hand is er een storing,halo ik maake het gebruik van jullie ep voor het internetboedieren e maar op dit moment krijg ge consteld een error en de aphilt niet opena en zo kan ik ook niet een saldo bekijken en moet ik de vanoverboeking doen maar ik strafhetekera dat ik er niet bijkan en is je r ze een hond is haar storie,hallo ik maak gebruik van jullie app voor het internetbankieren maar op dit moment krijg ik constant een error en de app wil niet openen en zo kan ik ook niet mijn saldo bekijken en dan moet ik nog een overboek doen maar er staat dat ik er niet bij kan is er iets aan de hand is er een storing
goedemiddag ik heb een beetje problemen met de app met jullie app hij werkt niet zoals verwacht ik loop namelijk een probleempje aan elke keer als ik probeer mijn saldo te laden dan loop die vast en ik weet niet meer hoe die update komt maar ja ik zou graag een beetje hulp willen,bijje goed middag ik heb een beetje problemen met de ep met jullie ap hij werkt niete zoals verwacht ik en dot nam ik een probleempje aan aan elkje als ik probere masaldotaria dan dan op die vast jongdoerdiebeid kom maar hij aakt zou graag een beetje hulp beaanwillen,goedemiddag ik heb een beetje problemen met de app met jullie app hij werkt niet zoals verwacht ik loop namelijk een probleempje aan elke keer als ik probeer mijn saldo te laden dan loop die vast en ik weet niet meer hoe die update komt maar ja ik zou graag een beetje hulp willen
goedemiddag ik was even online moest ik wat overmaken want geld ik zag dat de app niet werkte ik had nu niet bij mij geld en ik kan zelf ook niets overmaken het is heel belangrijk ik vroeg me af hoe ik dit moest doen en hoe ik dit kan oplossen alvast bedankt en bel me graag terug,een goei middag ik was even onlin moest ik zo wat overmaken wat geld en ik dag dat apnietwerk de ic comonie bij mij gelf en ik gan zelf nook eens overmaken met u heel belangrijk voor waar hoo ik dit moest doen en hoe ik dat kan oplossen org wast bedankt vaner wel maar gag terug,goedemiddag ik was even online moest ik wat overmaken want geld ik zag dat de app niet werkte ik had nu niet bij mij geld en ik kan zelf ook niets overmaken het is heel belangrijk ik vroeg me af hoe ik dit moest doen en hoe ik dit kan oplossen alvast bedankt en bel me graag terug
hi ik probeer mijn bankrekening te bekijken maar de app doet het niet,hi ik kun je probeer mijn elangrekening te bekijken maar de ef doet het niet,hi ik probeer mijn bankrekening te bekijken maar de app doet het niet
goedendag ik bel u omdat ik een probleem heb met mijn bank app de app wil namelijk niet laden en ik wil graag mijn account saldo kunnen bereiken maar dan kan het dus niet laden de app zegt dat het onderhoud is en nu heb ik helemaal geen toegang op mijn account hoe kunnen we dit oplossen,goeden dag ik pel u om dat ik een probleem heb met jijn met mijn bank heb die aprueel namelijk niet laden en ik wil graag en wate ecantsandeou kunnen bereiken maar ook an des niet la heb a de ebzacht dat je onderhout jis en nu heb ik hem nal geen toegang tot mijn kant hoe kunnen we dit oplossen,goedendag ik bel u omdat ik een probleem heb met mijn bank app de app wil namelijk niet laden en ik wil graag mijn account saldo kunnen bereiken maar dan kan het dus niet laden de app zegt dat het onderhoud is en nu heb ik helemaal geen toegang op mijn account hoe kunnen we dit oplossen
ik heb een error in de app van nulli bank en nu kom ik niet in mijn account,ik heb een aiwer in de ab van julli pank en nu kom met die ten bijna koud,ik heb een error in de app van nulli bank en nu kom ik niet in mijn account
hi ik gebruik jullie app maar ik heb vandaag problemen hij wil wel openen maar daarna kreeg ik een raar scherm met een foutmelding is dit iets waar jullie bij kunnen helpen alsjeblieft,hij ik k gebruik jullie uit maar ik ik heb vandaag problemen hij wil wel openen maar daarna krijg ik een rujmscherm met een foutmelding  is is dit iets waar jullie bij kunnen helpen alsblieft,hi ik gebruik jullie app maar ik heb vandaag problemen hij wil wel openen maar daarna kreeg ik een raar scherm met een foutmelding is dit iets waar jullie bij kunnen helpen alsjeblieft
hallo ik wilde graag mijn bankgegevens opvragen in de app maar hij laat mijn nieuwe account faldo niet op er staat nu dat er onderhoud wordt gedaan aan de app en ik heb nu geen toegang meer tot mijn account,ha nou ik willen graag mijr bankgevens ofvragen in ip-mila mijn nieuwe galndvaal dan niet op et staat nu t e onderhoud wordt gedaan aan ij heb en ik heb nu gen geen toegang meer tot mijnegaal,hallo ik wilde graag mijn bankgegevens opvragen in de app maar hij laat mijn nieuwe account faldo niet op er staat nu dat er onderhoud wordt gedaan aan de app en ik heb nu geen toegang meer tot mijn account
goedemorgen ik ben gebruiker van de app van ubank alleen sinds de ochtend laat hij mijn informatie niet meer ik zie niet meer wat mijn celbouw is en wat mijn gegevens zijn en ik kan ook nergens vinden dat er een storing is ik zou graag willen weten hoe we dit op kunnen lossen of dat ik iets anders moet doen bedankt,goedemorgen ik ben gebruiker van de app van uw bank alleenszinds nochtend enlaat hij hem mijn informatie niet meer ik zienindien meer wat mi seldo is en wat mijn gegevens zijn en ik kan ook nergens vinden dat ven storing is ik zou grag willen weten hoe u hoe wij dit op kunnen lossen of dat ik iets anders moet doen bedankt,goedemorgen ik ben gebruiker van de app van ubank alleen sinds de ochtend laat hij mijn informatie niet meer ik zie niet meer wat mijn celbouw is en wat mijn gegevens zijn en ik kan ook nergens vinden dat er een storing is ik zou graag willen weten hoe we dit op kunnen lossen of dat ik iets anders moet doen bedankt
goedemiddag ik wil met jullie app mijn saldo checken maar er staat dat het onderhoud is klopt dat,goedmidag ik wil met de jullie ep mij naar saldood jekken maar be staat dat de de onderhaud is klopt dat,goedemiddag ik wil met jullie app mijn saldo checken maar er staat dat het onderhoud is klopt dat
ik zou graag een rekening willen betalen,ik zou graag een rekening willen betalen,ik zou graag een rekening willen betalen
ik wil graag een rekening betalen kunt u mij hiermee helpen,ik wil graag een rekening betalen kunt u mij hiermee helpen,ik wil graag een rekening betalen kunt u mij hiermee helpen
ik wil graag een betaalink doen,ik wil graag een betaling doen,ik wil graag een betaalink doen
