Reference sentence PolyAI,XLSR Wav2Vec2 Dutch,Whisper by OpeanAI,Whisper by OpeanAI_Levenshtein,XLSR Wav2Vec2 Dutch_Levenshtein
ik wil graag mijn kaart blokkeren,ik wil graag mij naar kaart blokkeren,ik wil graag mijn kaart blokkeren,ik wil graag mijn kaart blokkeren,ik wil graag mij< ><r><a><a>n kaart blokkeren
hoi mijn pinpas lijkt gestolen te zijn dus ik vond het alsof je deze zou kunnen blokkeren,goei ar mijn pinpels blijkgestolen te zijn dus e voo alsof i deze zou kunnen blokkeren,hoi mijn pinpas lijkt gestolen te zijn dus ik vond het alsof je deze zou kunnen blokkeren,hoi mijn pinpas lijkt gestolen te zijn dus ik vond het alsof je deze zou kunnen blokkeren,(g)o<e>i< ><r><a> mijn (l)pi<b>npa__lijkt gestolen te zij(e)_dus(o)_k____d het (i)_sof je deze zou kunnen blokkeren
blokkeer mijn kaart,blokkeer me kaart,blokkeer mijn kaart,blokkeer mijn kaart,blokkeer m(e)__ kaart
ik wil graag mijn kaart blokkeren,ik wil graag meen kaart blokkeren,ik wil graag mijn kaart blokkeren,ik wil graag mijn kaart blokkeren,ik wil graag m(e)(e)n kaart blokkeren
zou u alsjeblieft mijn kaart willen blokkeren,zout zou u alstublieft mijn kaart willen blokkeren,zou u alsjeblieft mijn kaart willen blokkeren,zou u alsjeblieft mijn kaart willen blokkeren,zou<t><o><z>< ><u> (t)(u)alsjeblieft mijn kaart willen blokkeren
hoi kan ik mijn kaart bokeeren,hai kan ik mijn kaart blokkeren,hoi kan ik mijn kaart bokeeren,hoi kan ik mijn kaart bokeeren,h(a)i kan ik mijn kaart b<l>o(k)eeren
ik wil mijn kaart laten blokkeren hoe gaat dat,ik wil me een kaart laten blokkeren hoe gaat dat,ik wil mijn kaart laten blokkeren hoe gaat dat,ik wil mijn kaart laten blokkeren hoe gaat dat,ik wil m(e)(e)ijn kaart laten blokkeren hoe gaat dat
goedemiddag ik zit een beetje in de stress ik hoop dat u mij snel kan helpen ik zie dat ik 20 euro van mijn rekening afschat van een onbekende persoon tenminste ik heb zelf de transactie niet gedaan en ik ken ook helemaal niet dat het zon buitenlandse rekening is in boek weet je wel dat dit onbetrouwbaar is het gaat nu om 20 euro dus dat is nog wel te doen maar kunt u zo snel mogelijk mijn kaart gewoon blokkeren en gewoon bevriezen ik weet niet hoe je dit doet,goede middaggej ik zit een beetje in de stres cope turmije snel kan helpen wanteer zie met dat een twintig eurovermirekening afshud van onbekente persoonlijkmistiek heb zelfde transactieniet gebaal en e kenk hermalniet met de zanbuitenlandse rekeninguargezindertien boeke beetje luide te wiisin om betaalbaar ganieuwteintigeuro is dus nog wat te doen maar kunt u zo snel mog ik mijn kaartgehomblokkeren en gal ofr bevrieselijk ennietdoedennoe vergonnis pnier vat zorgen dat u niks meer afgehald kan worden wat ja berekening is ofe in handen van andere mensen moorhokinggewedet zelf ook niet kunturen iie geval daarmee beginnen en naar een danamisschien kunt u de transactie terugboeken want  dit is niet mij nan betalingboekenkwestie,goedemiddag ik zit een beetje in de stress ik hoop dat u mij snel kan helpen ik zie dat ik 20 euro van mijn rekening afschat van een onbekende persoon tenminste ik heb zelf de transactie niet gedaan en ik ken ook helemaal niet dat het zon buitenlandse rekening is in boek weet je wel dat dit onbetrouwbaar is het gaat nu om 20 euro dus dat is nog wel te doen maar kunt u zo snel mogelijk mijn kaart gewoon blokkeren en gewoon bevriezen ik weet niet hoe je dit doet,goedemiddag ik zit een beetje in de stress ik hoop dat u mij snel kan helpen ik zie dat ik 20 euro van mijn rekening afschat van een onbekende persoon tenminste ik heb zelf de transactie niet gedaan en ik ken ook helemaal niet dat het zon buitenlandse rekening is in boek weet je wel dat dit onbetrouwbaar is het gaat nu om 20 euro dus dat is nog wel te doen maar kunt u zo snel mogelijk mijn kaart gewoon blokkeren en gewoon bevriezen ik weet niet hoe je dit doet,goede< >midda<j><e><g>g ik zit een beetje in de s_r(c)___i(p)(e)h__p_d(r)t u<e> mij snel kan he(e)(r)<n><a><w>lp< ><t><e><m><w>(n)(t)(i)(g)<e>en i_ (e)(r)_ d___ik 20 euro v_n(u)(d)ijn r____ing afs(t)hat van e(l)(i)(j)(k)nb_ke<i>__e persoon _enminste ik h_b zelf (b)e (l)rans(e)_tie ___t ge(r)_an_e_ ik k(m)(e) o(d)k_he(a)e_aal niet dat het zon (z)<g>(r)(t)<n><e><r><a><u>bu<e>(b)ten_and(l)(u)(i)(d)(e)( )e<e>(w)i(n)<s><i>( )ng (a)(a)(l)_n boe(g)(a)(n)(i)e(u)(w)(t)(e)(i)__l(t)(i)(g)_____ onbe(i)_ouw(u)___ is het(a)(t)aat nu om 20 euro dus dat is nog( )_e_ te doen maa_ k(h)n<l><e><r>< ><e><d><i>< ><d><e><b><e><g><f><i>< ><n><g><i>< ><f>< ><t>(r)<t><e><a><g><n>( )<n><e><b><m>< ><t>(d)<u>( )<u>(a)<n><t><c>< >(g)(b)<e><a><n>(n)(t)<e>< ><k><s><e>(b)<n><i><s><e><i><e><w><k><n><e><k><l><a><t><e><b>< ><n><a><n>< ><j><i><m>< ><t><e><i><n>< ><s><i><i><h><c><s><s><a><n><a><d>< ><n><e><e>< ><r><a><a><n>< ><e><e><m><a><d>< ><l><a><g>< ><e><i><i>< ><n><n><u><k><e><i><k><l><e><z>< ><t><e><d><e><k><o><h><r><o><o><m>< ><n><e><s><n><e><m>< ><e><r><e><d><n><a>< ><n><a><v>< ><n><e><d><n><a><h><o>< ><s><i><n><i><k>< ><a><j>< ><t><a><w>< ><n><r><o><w>< ><n><a><d><l><a><h><e><g><f><a>< ><r><e><e><m>< ><s><n>< ><u>< ><t><a><d>< ><n><e><g><r><o><z>< ><t><a><v>< ><r><e><i><n><p>< ><s><i><n><n><o><g><r><e><v>< ><e><o><n><n><e><d><e><t><e><i><n><n><e>< ><k><j><i><s><e><i><r><v><e><r><f><o>< ><l><a><g>< ><n><e><e><k><k><b><m>t u zo snel mogelijk mijn kaart gewoon blokkeren en gewoon bevriezen ik weet niet hoe je dit doet
ik wil mijn kaart blokkeren,ik wil mijn kaart blokkeren,ik wil mijn kaart blokkeren,ik wil mijn kaart blokkeren,ik wil mijn kaart blokkeren
ik wil mijn bankpas laten blokkeren,ik wil mijn bankpas laten blokkeren,ik wil mijn bankpas laten blokkeren,ik wil mijn bankpas laten blokkeren,ik wil mijn bankpas laten blokkeren
ik wil mijn kaart blok geven,ik wil mijn kaart blokkeren,ik wil mijn kaart blok geven,ik wil mijn kaart blok geven,ik wil mijn kaart blok(k)_e(r)en
kunnen jullie mijn kaart blokkeren,kunnen jullie mijn kaat plokkeren,kunnen jullie mijn kaart blokkeren,kunnen jullie mijn kaart blokkeren,kunnen jullie mijn kaa_t (p)lokkeren
hallo ik bel u omdat ik graag alle transacties op mijn kaart wil blokkeren ja blokkeren bevriezen van mijn kaart kunt u dat als verplicht van mij doen,alo spel u omdat ik graag alle transancties op enkanart wil blokkeren  je anblokkerende profrissen van de kaart kunt je dat alstuplicht van mij doen,hallo ik bel u omdat ik graag alle transacties op mijn kaart wil blokkeren ja blokkeren bevriezen van mijn kaart kunt u dat als verplicht van mij doen,hallo ik bel u omdat ik graag alle transacties op mijn kaart wil blokkeren ja blokkeren bevriezen van mijn kaart kunt u dat als verplicht van mij doen,_al_o (s)(p)__el u omdat ik graag alle transa<n>cties op(e)__j_ k<n>aart wil blokkere< >< >(n)n ja blok<e>(r)(o)(f)er(s)(s) bevrie(d)(e)__van mijn kaa(e)rt kunt (t)(u)__t als verplicht van mij doen
goedemorgen ik ben zes jaar mijn pin pas verloren en ik weet ook echt niet waar ik hem kan hebben gelaten dus ik wil eigenlijk dat mijn kaart geblokkeerd wordt zodat al iemand hem vindt er in ieder geval geen gebruik van gemaakt kan worden,we mogen er ik web zeef mijn pimp was verloren en ik weet ook echt niet warikum kan hebben gelaten dus ik wil eigenlijk dat mijn kaart geblokkeerd wordt zelf al imet een vinderen die van geen gebruik van gemaaken kan worden,goedemorgen ik ben zes jaar mijn pin pas verloren en ik weet ook echt niet waar ik hem kan hebben gelaten dus ik wil eigenlijk dat mijn kaart geblokkeerd wordt zodat al iemand hem vindt er in ieder geval geen gebruik van gemaakt kan worden,goedemorgen ik ben zes jaar mijn pin pas verloren en ik weet ook echt niet waar ik hem kan hebben gelaten dus ik wil eigenlijk dat mijn kaart geblokkeerd wordt zodat al iemand hem vindt er in ieder geval geen gebruik van gemaakt kan worden,(w)_e( )_mo_gen < ><r><e>(w)k(b)ben(e)(f)____aar mijn(p) (w)in pas verloren en ik weet ook echt nie_ _aa(u)__k hem kan hebben gelaten dus ik wil eigenlijk dat mijn kaart geblokkeerd wor(e)(l)(f)_odat _l(e)(t)_m(e)n(n) hem __nd(e)_er<d> ___i__er(n)geval geen gebruik van g(n)emaakt kan worden
kunt u mijn kaart blokkeer en alle transacties stoppen,kunt u mijn kraag blokkeren en alle transacties stoppen,kunt u mijn kaart blokkeer en alle transacties stoppen,kunt u mijn kaart blokkeer en alle transacties stoppen,kunt u mijn k<r>a(g)_t blokk<r>(n)er en alle transacties stoppen
ik ben mijn kaart verloren en ik wil deze graag blokkeren,ik ben mijn kaart verloren en ik wil deze graag blokkeren,ik ben mijn kaart verloren en ik wil deze graag blokkeren,ik ben mijn kaart verloren en ik wil deze graag blokkeren,ik ben mijn kaart verloren en ik wil deze graag blokkeren
mijn kaart is vandaag gestolen en nu zou ik deze graag willen blokkeren zodat er geen andere transacties meer mee kunnen gebeuren,mijn daag is vandaag gestolen en zo zou ik deze vaak willen blokkeren zodat er geen andere trantactiespeg mee kunnen gebeuren,mijn kaart is vandaag gestolen en nu zou ik deze graag willen blokkeren zodat er geen andere transacties meer mee kunnen gebeuren,mijn kaart is vandaag gestolen en nu zou ik deze graag willen blokkeren zodat er geen andere transacties meer mee kunnen gebeuren,mijn (d)aa(g)_ is vandaag gestolen en (z)(o) zou ik deze (v)_aa(k) willen blokkeren zodat er geen andere tran(t)acties(p)_e(g)_ mee kunnen gebeuren
ik wil graag dat jullie mijn kaart bevriezen,ik wil graag dat jullie mijn kaart beviezen,ik wil graag dat jullie mijn kaart bevriezen,ik wil graag dat jullie mijn kaart bevriezen,ik wil graag dat jullie mijn kaart bev_iezen
stop alle transacties op mijn kaart bevries mijn kaart blokkeer alsjeblieft mijn kaart,stop alle transacties op mijn kaart bevries mijn kaart blokkeer alstublieft mijn kaart,stop alle transacties op mijn kaart bevries mijn kaart blokkeer alsjeblieft mijn kaart,stop alle transacties op mijn kaart bevries mijn kaart blokkeer alsjeblieft mijn kaart,stop alle transacties op mijn kaart bevries mijn kaart blokkeer als(t)(u)blieft mijn kaart
ik zou graag mijn kaart willen blokkeren en daarbij alle transacties op mijn kaart stopzetten,ik zou graag mijn kaart willen blokkeren en daarbij alle transacties om mijn kaart aan stopzetten,ik zou graag mijn kaart willen blokkeren en daarbij alle transacties op mijn kaart stopzetten,ik zou graag mijn kaart willen blokkeren en daarbij alle transacties op mijn kaart stopzetten,ik zou graag mijn kaart willen blokkeren en daarbij alle transacties o(m) mijn kaart<n><a><a>< > stopzetten
ik wil mijn kaart laten blokkeren,ik wil mijn kaart laten blokkeren,ik wil mijn kaart laten blokkeren,ik wil mijn kaart laten blokkeren,ik wil mijn kaart laten blokkeren
mijn kaart is verstolen,mijn kaart is gestolen,mijn kaart is verstolen,mijn kaart is verstolen,mijn kaart is (g)e_stolen
goedendag ik ben timothy ik ben al een hele aardige tijd op vakantie en ik zou graag mijn kaart willen laten blokkeren het was net gestolen net 5 minuten geleden en ik zou heel graag dat alle transacties even stop worden gezet dat er niks wordt gedaan zouden jullie dat eenvoudig als sprake van me doen ja ik zou graag dat u mij even op de kaart laten blokkeren ik ben heel blij dat u mij even op de kaart laat blokkeren ik ben heel blij dat u mij even op de kaart laat blokkeren ik ben heel blij dat u mij even op de kaart laat blokkeren ik ben heel blij dat u mij even op de kaart laat blokkeren ik ben heel blij dat u mij even op de kaart laat blokkeren ik ben heel blij dat u mij even op de kaart laat blokkeren ik ben heel blij dat u mij even op de kaart laat blokkeren ik ben heel blij dat u mij even op de kaart laat blokkeren ik ben heel blij dat u mij even op de kaart laat blokkeren ik ben heel blij dat u mij even op de kaart laat blokkeren ik ben heel blij dat u mij even op de kaart laat blokkeren ik ben heel blij dat u mij even op de kaart laat blokkeren ik ben heel blij dat u mij even op de kaart laat blokkeren ik ben heel blij dat u mij even op de kaart laat blokkeren ik ben heel blij dat u mij even op de kaart laat blokkeren ik ben heel blij dat u mij even op de kaart laat blokkeren ik ben heel blij dat u mij even op de kaart laat blokkeren ik ben heel blij dat u mij even op de kaart laat blokkeren ik ben heel blij dat u mij even op de,zoverdag ik ben nahet temakin wij wel heraas bedolmen o pakantie einme en ik zou graag mian kiaf wij luiden blokkeren hent wasnet er gestoten hen vijfmoelbevrij en ik zou jagger aan date evonningen alle consactieseving stop worden gezet vanmix worden gedaan in eet eehals bijzonder doenjamijn prauwe wij heb dan iijn baboord men zou heel gare banni ne hune kaart laten inen bevezigd en it nog geen van dat zienieiedan wogevesteur necht zijn machtka om mij,goedendag ik ben timothy ik ben al een hele aardige tijd op vakantie en ik zou graag mijn kaart willen laten blokkeren het was net gestolen net 5 minuten geleden en ik zou heel graag dat alle transacties even stop worden gezet dat er niks wordt gedaan zouden jullie dat eenvoudig als sprake van me doen ja ik zou graag dat u mij even op de kaart laten blokkeren ik ben heel blij dat u mij even op de kaart laat blokkeren ik ben heel blij dat u mij even op de kaart laat blokkeren ik ben heel blij dat u mij even op de kaart laat blokkeren ik ben heel blij dat u mij even op de kaart laat blokkeren ik ben heel blij dat u mij even op de kaart laat blokkeren ik ben heel blij dat u mij even op de kaart laat blokkeren ik ben heel blij dat u mij even op de kaart laat blokkeren ik ben heel blij dat u mij even op de kaart laat blokkeren ik ben heel blij dat u mij even op de kaart laat blokkeren ik ben heel blij dat u mij even op de kaart laat blokkeren ik ben heel blij dat u mij even op de kaart laat blokkeren ik ben heel blij dat u mij even op de kaart laat blokkeren ik ben heel blij dat u mij even op de kaart laat blokkeren ik ben heel blij dat u mij even op de kaart laat blokkeren ik ben heel blij dat u mij even op de kaart laat blokkeren ik ben heel blij dat u mij even op de kaart laat blokkeren ik ben heel blij dat u mij even op de kaart laat blokkeren ik ben heel blij dat u mij even op de kaart laat blokkeren ik ben heel blij dat u mij even op de,goedendag ik ben timothy ik ben al een hele aardige tijd op vakantie en ik zou graag mijn kaart willen laten blokkeren het was net gestolen net 5 minuten geleden en ik zou heel graag dat alle transacties even stop worden gezet dat er niks wordt gedaan zouden jullie dat eenvoudig als sprake van me doen ja ik zou graag dat u mij even op de kaart laten blokkeren ik ben heel blij dat u mij even op de kaart laat blokkeren ik ben heel blij dat u mij even op de kaart laat blokkeren ik ben heel blij dat u mij even op de kaart laat blokkeren ik ben heel blij dat u mij even op de kaart laat blokkeren ik ben heel blij dat u mij even op de kaart laat blokkeren ik ben heel blij dat u mij even op de kaart laat blokkeren ik ben heel blij dat u mij even op de kaart laat blokkeren ik ben heel blij dat u mij even op de kaart laat blokkeren ik ben heel blij dat u mij even op de kaart laat blokkeren ik ben heel blij dat u mij even op de kaart laat blokkeren ik ben heel blij dat u mij even op de kaart laat blokkeren ik ben heel blij dat u mij even op de kaart laat blokkeren ik ben heel blij dat u mij even op de kaart laat blokkeren ik ben heel blij dat u mij even op de kaart laat blokkeren ik ben heel blij dat u mij even op de kaart laat blokkeren ik ben heel blij dat u mij even op de kaart laat blokkeren ik ben heel blij dat u mij even op de kaart laat blokkeren ik ben heel blij dat u mij even op de kaart laat blokkeren ik ben heel blij dat u mij even op de,(z)o(v)_e(r)dag ik ben _____________n_a______he(t)_ (t)_____e(m)_________ak___i___n (w)_____________ij_ ______w___e__l____ (h)____er(a)_______as (b)e(d)_____ol_________m____en _______________o_ ________________________________________p_______________a_______k___________a_n(t)___________ie ____e______i_______________n_me __en ___ik zou graag ______mi______________a________n ___k______i(a)(f)___ (w)______ij (l)___u__i(d)_e__n _________________blokkeren (h)___en(t)____ (w)_____a(s)(n)______e(t)__ ____e____r_ (g)(e)(s)t___o(t)_e__n (h)___en (v)______ij(f)______m________o___e_______l____b(e)(v)___r___i(j) _en _______i(k) (z)(o)__u __j(a)(g)(g)e___________r_ _aa__________n _________________dat(e)_ ____ev(o)n__________________________n_i(n)(g)_en (a)__l__l(e)_ (c)(o)___________n(s)_______a(c)_t(i)__________e(s)e(v)_i____n(g)____ (s)______t____________op (w)(o)____r(d)___________e__n (g)___e(z)__e(t)_ (v)_____a(n)___mi(x) (w)____o(r)_de<n>(g)(e)(d)____la__________en ____en_he_________at______ _v(h)________k____ (s)__t _________ ______________i(z)(o)____________e____ d____a_t(d)______l__k__e________________i__d____ mi____en_o_______a___l(u)(w)______k( )(w)__ (j)k____ h___ ___j d(n)t(i)__mi____en(b)______k_________ (o)l___e(d)_n(m)___ben(z)(o)____________ u(h)___ _v(l)n(g)______k_a(e)t(b)l(n)__________e_ _k(n)b_n _____________ ________e_____de kaart l_a______k__en (n)__ben_____ ______________ ev(z)(i)(g)__ _e________________k__en (t)k(n)(o)(g)n(g)he(n)l(v)_____d___________en___ ___k__rt(z)(i)________k__e_ ___b(i)__h________ d(n)t(w)(o)(g)___ ev(s)(t)____d(u)___a_t_____________e_____b(c)_ ___________at(z)__mi____en(m)______k(c)(h)r(k)_l__t__l(m)_____n_______________________ mi___________e
goedemiddag ik zou u graag willen vragen of u een tas kunt plokkeren daar zal ik goede redenen voor hebben waarschijnlijk meer in detail over in zou kunnen gaan wanneer ik daadwerkelijk zou weten wat deze wedende waren dankjewel,voor de middag waren ik zou u vraag wille vraagn oeveraan tas kunst blocueren daar zal it goede redenen voor hebben maar ik meer in detail over indruk kunnen gaan wanneer ik daadwerkelijk zou weten wat deze redenen wadig dank wel,goedemiddag ik zou u graag willen vragen of u een tas kunt plokkeren daar zal ik goede redenen voor hebben waarschijnlijk meer in detail over in zou kunnen gaan wanneer ik daadwerkelijk zou weten wat deze wedende waren dankjewel,goedemiddag ik zou u graag willen vragen of u een tas kunt plokkeren daar zal ik goede redenen voor hebben waarschijnlijk meer in detail over in zou kunnen gaan wanneer ik daadwerkelijk zou weten wat deze wedende waren dankjewel,(v)o( )<o>e< >demidd< ><n><e><r><a><w>ag (v)k zou u gr_ag w<a>_lle(e)(v)(e)(r)(a)(a)en of u e<s>e(b) t(c)(u) kunt plokkeren(t)daar zal ik goede redenen v(m)or ( )__b_____arschijnlijk meer in det(d)(r)(u)(k)over in zou kunnen gaan wanneer ik daadwerkelijk zou wete(r) wat(e)(n)eze(d)(i)(g)dende( )_aren dankjewel
stop alle transacties op mijn kaart,stop alle transacties op mijn kaart,stop alle transacties op mijn kaart,stop alle transacties op mijn kaart,stop alle transacties op mijn kaart
ik wil per direct mijn betaalkaart blokkeren,ik wil per direct mijn betaalkaart blokkeren,ik wil per direct mijn betaalkaart blokkeren,ik wil per direct mijn betaalkaart blokkeren,ik wil per direct mijn betaalkaart blokkeren
hallo ik ben mijn kaart kwijt geraakt en ik wil graag mijn kaart blokkeren zodat er geen betaling meer mee kan maken worden,alloo ik ben mijn kaat kwijtgeraakt en ik wil graag mijn kaart blokcarers te geen betaling vanmerk gemaakt kunnen worden,hallo ik ben mijn kaart kwijt geraakt en ik wil graag mijn kaart blokkeren zodat er geen betaling meer mee kan maken worden,hallo ik ben mijn kaart kwijt geraakt en ik wil graag mijn kaart blokkeren zodat er geen betaling meer mee kan maken worden,_allo<o> ik ben mijn ka_rt kwij_ geraakt en ik wil graag mijn kaart blo(c)(a)er(s)e____d_t_er geen betalin<n><a>(r)(k) (g)e(a)(a)r(t)( )(k)(u)(n)(n)an maken worden
ik wil graag mijn kaart blokkeren ik wil mijn kaart bevriezen ik wil alle transacties op mijn kaart stoppen,ik wil graag mijn kaart blokeren ik wil mijn kaart bevriezen ik wil alle transacties op mijn kaart stoppen,ik wil graag mijn kaart blokkeren ik wil mijn kaart bevriezen ik wil alle transacties op mijn kaart stoppen,ik wil graag mijn kaart blokkeren ik wil mijn kaart bevriezen ik wil alle transacties op mijn kaart stoppen,ik wil graag mijn kaart blok_eren ik wil mijn kaart bevriezen ik wil alle transacties op mijn kaart stoppen
blokkeer alsjeblieft mijn kaart,blokkeer alstublieft mijn kaart,blokkeer alsjeblieft mijn kaart,blokkeer alsjeblieft mijn kaart,blokkeer als(t)(u)blieft mijn kaart
goedemiddag ik ben ben langendijk ik bel omdat ik graag mijn kaart wil blokkeren ik wil meteen dat alle transacties van mijn kaart worden stopgezet bevrieze alsjeblieft mijn kaart want ik vertrouw het even niet ik denk dat mijn kaart is gestolen ik kan nergens vinden en alsjeblieft blokkeer mijn kaart,ni goede mien latenspeewen ben lange rijk ik ben onder graag mijn daaraan mijn kaart wil blokeren ik wach ik wog heb meteen dat er alle transacties van mijn kaart worden topgezet beviest alsjeblieft mijn kaart komt ik vertrouhet eveniet ik denk dat mijn kaart is gestolen kan nergens vinden en alsjeblieft blokkeer mijn kaart,goedemiddag ik ben ben langendijk ik bel omdat ik graag mijn kaart wil blokkeren ik wil meteen dat alle transacties van mijn kaart worden stopgezet bevrieze alsjeblieft mijn kaart want ik vertrouw het even niet ik denk dat mijn kaart is gestolen ik kan nergens vinden en alsjeblieft blokkeer mijn kaart,goedemiddag ik ben ben langendijk ik bel omdat ik graag mijn kaart wil blokkeren ik wil meteen dat alle transacties van mijn kaart worden stopgezet bevrieze alsjeblieft mijn kaart want ik vertrouw het even niet ik denk dat mijn kaart is gestolen ik kan nergens vinden en alsjeblieft blokkeer mijn kaart,< ><i><n>go< >e( )(l)d(t)(e)(n)(s)(p)(e)g<e><w> ik ben b( )(r) langendi(n)k (n)k<r>(g)<g><m>(n)< >(a)<d><r><e>(n)bel omdat ik graag m_jn kaart < >(k)<c>< ><b><e><h>< ><g><o><w><a>wi< ><r><e>l blokkeren ik wil meteen dat alle t_ansacties va_ m(s)(t)n kaart worden stopgezet(k)(o)(m)vrieze alsje__ieft mij__kaart want ik vertrouw het even niet i___enk dat mijn kaart is gestolen ik kan nergens vinden en alsjeblieft blokkeer mijn kaart
goedemiddag u spreekt met jannie de winter ik ben zelf klant bij jullie bank en ik ben mijn pas kwijt en ik weet niet waar het ligt en goed wilt u alstublieft mijn kaart blokkeren want ik heb totaal geen idee waar het ligt misschien is hij wel gestolen dus kunt u me alstublieft helpen,goedemiddag ujui spreekt niet jani de wind ui aan ik hetzelf lant bij jullie bank en ik ben mij pas kwijt en ik weet niet waarhet licht en naarcht goed wilt u alstublieft een kaart blokkeren want ik heb totaal geen idee wat licht dus misschien ietjuwel gestolens kunt ume alstublieft holpen,goedemiddag u spreekt met jannie de winter ik ben zelf klant bij jullie bank en ik ben mijn pas kwijt en ik weet niet waar het ligt en goed wilt u alstublieft mijn kaart blokkeren want ik heb totaal geen idee waar het ligt misschien is hij wel gestolen dus kunt u me alstublieft helpen,goedemiddag u spreekt met jannie de winter ik ben zelf klant bij jullie bank en ik ben mijn pas kwijt en ik weet niet waar het ligt en goed wilt u alstublieft mijn kaart blokkeren want ik heb totaal geen idee waar het ligt misschien is hij wel gestolen dus kunt u me alstublieft helpen,goedemiddag u<i><u><j> spree(i)kt met_j_nnie de( )(u)(i)i< ><n><a>(h)n(t)_r ik _en zelf klant bij jullie bank en i_ ben mijn pas kwijt en ik weet _iet wa(h)ar he< ><t><h><c><r><a><a><n>t ligt en goed w(e)(e)_ u alstublieft mijn kaart blokkeren want ik heb t(l)(i)(c)t_al(d)(u)(s)_n idee waar (e)(t)__l(u)gt misschien___ hij wel_gestolen dus kun(o) u me alstublieft helpen
goedemiddag ik wil graag mijn bankkaart laten blokkeren ik weet alleen niet hoe ik dit moet doen want ik heb het idee dat er transacties afgehaald worden die niet kloppen dus wilt u mij alsjeblieft helpen om dit zo snel mogelijk te blokkeren dan weet ik er wel zeker dat er geen geld wordt afgescheven voor mensen van wie het niet is dankjewel,voormiddag ik wil graag mij een bankaart laten blokkering wijtellen niet hoe dit mot doen want ik heb het idee dat erw van vactie afgehouden voor die niet kloppen dus wilt u mij als jeblieft helpen zo om dit gesnel mogen te blokkeren dan weet ik heer van zeker dat er geen geld wordt afgeschreven voor mensen voor mensen van wileniis dank ju wel,goedemiddag ik wil graag mijn bankkaart laten blokkeren ik weet alleen niet hoe ik dit moet doen want ik heb het idee dat er transacties afgehaald worden die niet kloppen dus wilt u mij alsjeblieft helpen om dit zo snel mogelijk te blokkeren dan weet ik er wel zeker dat er geen geld wordt afgescheven voor mensen van wie het niet is dankjewel,goedemiddag ik wil graag mijn bankkaart laten blokkeren ik weet alleen niet hoe ik dit moet doen want ik heb het idee dat er transacties afgehaald worden die niet kloppen dus wilt u mij alsjeblieft helpen om dit zo snel mogelijk te blokkeren dan weet ik er wel zeker dat er geen geld wordt afgescheven voor mensen van wie het niet is dankjewel,(v)o(o)(r)_middag ik wil graag mij<e><e>< >n b_nkkaart laten blok(i)e(g)__ i(i)(j)w(e)_t a_leen niet h___ik dit_moet doen want ik heb het idee dat<w>(v)_r (v)trans_cties (u)(d)(e)(n)e(v)a<o>___ worden die niet kloppen dus wilt u < >mij alsjeblieft<z><o>< > hel(g)(e)_ om dit z(n)___el mogelijk te blokkeren d<h><e>a(v)(a)(n)eet ik er wel zeker dat er geen geld <r>wordt afgescheven(o)(r)v(n)(s)o<n>(v)(a)(n)m(w)n<l>(n)(i)n van w< >( )ie het niet is dankjewel
mijn kaart is onlangs gestolen en ik wil nu mijn kaart blokkeren alstublieft bevries hem voor me,mijn kaart is al langsgestolen en ik wil nu mijn kaart blokkeren alstublieft de vissenvolnen,mijn kaart is onlangs gestolen en ik wil nu mijn kaart blokkeren alstublieft bevries hem voor me,mijn kaart is onlangs gestolen en ik wil nu mijn kaart blokkeren alstublieft bevries hem voor me,mijn kaart is (l)( )nlang_ gestolen en ik wil nu mijn kaart blokkeren alstublieft(d)b< >_v(s)i__ (n)_m (l)(n)(e)(n)_me
zou u graag mijn kaart willen blokkeren,zou u graag mijn kaart willen blokkeren,zou u graag mijn kaart willen blokkeren,zou u graag mijn kaart willen blokkeren,zou u graag mijn kaart willen blokkeren
goedemiddag ik ben klant bij ubank en ik zou graag mijn kaart blokkeren,goede middag ik ben klans bij uw bank en ik zou graag mijn kaart blokkeren,goedemiddag ik ben klant bij ubank en ik zou graag mijn kaart blokkeren,goedemiddag ik ben klant bij ubank en ik zou graag mijn kaart blokkeren,goede< >middag ik ben kla(s)t bij < ><w>ubank en ik zou graag mijn kaart blokkeren
blokkeer mijn kaart alstublieft,blokkeer mijn kaart alstublieft,blokkeer mijn kaart alstublieft,blokkeer mijn kaart alstublieft,blokkeer mijn kaart alstublieft
goedemiddag ik ben mijn kaart verloren onderweg dus ik zou deze graag laten wel een blokkeren,goedemiddag iktaan mij n kaart verloren onderwijs dus ik zou deze gaas laten willen blokkuer maan,goedemiddag ik ben mijn kaart verloren onderweg dus ik zou deze graag laten wel een blokkeren,goedemiddag ik ben mijn kaart verloren onderweg dus ik zou deze graag laten wel een blokkeren,goedemiddag ik(t)(a)(a)n mij< >n kaart verloren onder(j)(s)eg dus ik zou deze_gr(s)ag laten(i)w(l)l_een blo<u>k(a)<m>< >keren
stop astu blist alat transaktis op main bankart,stot alstublieft alle transacties op mijn bankkaart,stop astu blist alat transaktis op main bankart,stop astu blist alat transaktis op main bankart,sto(t) a<l>st_ bl(f)ist (l)(e)at tran(c)ak<e>tis o(i)(j)main b<a><k>ankart
kunt u alstublieft mijn kaart blokkeren,kunt u alstublieft mijn kaart blokkeren,kunt u alstublieft mijn kaart blokkeren,kunt u alstublieft mijn kaart blokkeren,kunt u alstublieft mijn kaart blokkeren
ik wil graag mijn kaart bevriezen en alle transacties op mijn kaart stoppen ook zal ik graag willen dat mijn kaart geblokkeerd wordt,ik wil graag met haanbevliezen en alle transacties op mijn kaat stoppen ook zal ik graag willen dat met haat geblokkeerd wordt,ik wil graag mijn kaart bevriezen en alle transacties op mijn kaart stoppen ook zal ik graag willen dat mijn kaart geblokkeerd wordt,ik wil graag mijn kaart bevriezen en alle transacties op mijn kaart stoppen ook zal ik graag willen dat mijn kaart geblokkeerd wordt,ik wil graag m(e)(t)_ (h)aa(n)__bev(l)iezen en alle transacties op mijn kaa_t stoppen ook zal ik graag willen dat m(e)(t)_ (h)aa_t geblokkeerd wordt
goedemiddag ik neem eigenlijk contact met u op omdat ik graag mijn kaart zou willen blokkeren kunt u ervoor zorgen dat alle tranks welke is op mijn kaart vanaf dit moment gestopt zijn dank u wel,goede middag ikam neem aan de contact met u omdat ik graag mijn kaart zou willen blokkeren kunt u dan voorzoc dat alle drang zelkis op mijn kaart van of dit moment gestopt zijn dank u wel,goedemiddag ik neem eigenlijk contact met u op omdat ik graag mijn kaart zou willen blokkeren kunt u ervoor zorgen dat alle tranks welke is op mijn kaart vanaf dit moment gestopt zijn dank u wel,goedemiddag ik neem eigenlijk contact met u op omdat ik graag mijn kaart zou willen blokkeren kunt u ervoor zorgen dat alle tranks welke is op mijn kaart vanaf dit moment gestopt zijn dank u wel,goede< >middag i<m><a>k ne(a)(a)__i( )(d)(e)_ijk contact met ___p omdat ik graag mijn kaart zou willen blokkeren kunt(n)( ) u e_vo(c)___orgen dat (d)lle(g)_r(z)nks__elke is op mijn kaar(o)t vanaf dit moment gestopt zijn dank u wel
mijn portemonnee is gestolen en ik wil graag per direct mijn kaart verkeren,mijn portemonnee is gestolen en ik wil graag per direct mijn kaart verkeren,mijn portemonnee is gestolen en ik wil graag per direct mijn kaart verkeren,mijn portemonnee is gestolen en ik wil graag per direct mijn kaart verkeren,mijn portemonnee is gestolen en ik wil graag per direct mijn kaart verkeren
zou je mijn bankpas willen blokkeren alsjeblieft,zou je mijn bankpast willen blokkeren alsjeblieft,zou je mijn bankpas willen blokkeren alsjeblieft,zou je mijn bankpas willen blokkeren alsjeblieft,zou je mijn bankpas<t> willen blokkeren alsjeblieft
ik wil dat mijn kaart geblokkeerd wordt,ik wil dat mijn kaart geblokkeerd wordt,ik wil dat mijn kaart geblokkeerd wordt,ik wil dat mijn kaart geblokkeerd wordt,ik wil dat mijn kaart geblokkeerd wordt
ik wil graag mijn kaart blokkeren,ik wil graag mijn kaart blokkeren,ik wil graag mijn kaart blokkeren,ik wil graag mijn kaart blokkeren,ik wil graag mijn kaart blokkeren
ik wil graag mijn kaart blokkeren,ik wil graag mijn kaart blokkeren,ik wil graag mijn kaart blokkeren,ik wil graag mijn kaart blokkeren,ik wil graag mijn kaart blokkeren
heel goeiemiddag mijn kaart is gestolen en ik wil dat mijn kaart nu geblokkeerd wordt ik hoop dat dat via de telefoon kan dit zijn mijn kaartbegevens en ik wil dat het nu nu geblokkeerd wordt allebei mijn spaar allebei mijn kaarten dankuwel,hede goedemiddag mijne kaart is gestolen en ik woe dat mijn kaart nu geblokkeerd wordt dat je tot viera telefoont kan  naa nitzal kaartengevens en homgodat het nie nu geblokkeerd wordt allebei mit een paar arbij mijn karaten dank u wel,heel goeiemiddag mijn kaart is gestolen en ik wil dat mijn kaart nu geblokkeerd wordt ik hoop dat dat via de telefoon kan dit zijn mijn kaartbegevens en ik wil dat het nu nu geblokkeerd wordt allebei mijn spaar allebei mijn kaarten dankuwel,heel goeiemiddag mijn kaart is gestolen en ik wil dat mijn kaart nu geblokkeerd wordt ik hoop dat dat via de telefoon kan dit zijn mijn kaartbegevens en ik wil dat het nu nu geblokkeerd wordt allebei mijn spaar allebei mijn kaarten dankuwel,he<d>_l go(d)iemiddag mij<e>n kaart is gestolen en ik(o)(e)il dat mijn kaart nu geblokkeerd word(a)(t) (j)(e)__o__ (o)__ dat(e)(r)(a)_ de telef<t>oon (n)(a)(a)n(n)d(t)(z)(a)(l)___ mijn (e)(n)artbegeven(h)(o)(m)(g)(o)__ wil dat (e)het nu nu geblokkeerd wordt alle(e)< ><t>_ei mij(r)__p(i)(j)r allebe<r>_ mijn ka< >< >arten dankuwel
ik wil graag mijn kaart proberen,ik wil graag mijn kaart plokkeren,ik wil graag mijn kaart proberen,ik wil graag mijn kaart proberen,ik wil graag mijn kaart p(l)o(k)beren
hoi ja ik bel omdat de app van de bank niet goed werkt en ik snap niet goed waarom,kooi ja ik wel omdat de  ap van de dank niet-goedlurken is nog iets goed waarom,hoi ja ik bel omdat de app van de bank niet goed werkt en ik snap niet goed waarom,hoi ja ik bel omdat de app van de bank niet goed werkt en ik snap niet goed waarom,(k)o<o>i ja ik(w)bel omdat de< > _pp van d(d) bank ni(-)t go(l)(u)_we__t en(s)i_ (o)(g)a_ ni<s>et goed waarom
goedemorgen ik gebruik al een tijdje de app naar alle tevredenheid maar ik krijg hem vandaag niet meer open hij blijft maar hangen en hij wil niet laden,goede morgen ik gebruik al een tijdje de ep naar alle tevredenheid maar ik krijg hem vandaag niet maar open hij blijft maar hangen en hij wil niet laden,goedemorgen ik gebruik al een tijdje de app naar alle tevredenheid maar ik krijg hem vandaag niet meer open hij blijft maar hangen en hij wil niet laden,goedemorgen ik gebruik al een tijdje de app naar alle tevredenheid maar ik krijg hem vandaag niet meer open hij blijft maar hangen en hij wil niet laden,goede< >morgen ik gebruik al een tijdje de(e)a_p naar alle tevredenheid maar ik krijg hem vandaag niet (a)(a)er open hij blijft maar hangen en hij wil niet laden
ik gebruik de app van ubank ik heb deze gewoon uit de playstore gehaald voor mijn android telefoon alleen als ik hem wil openen dan komt hij vast te staan dan gebeurt er niks na een tijdje word ik gewoon weer naar mijn bureaublad gestuurd,en ik gebruik de ap ik gebruik de ap van uw bank ik heb deze gronetten pleesdoor gehaald van mijn endrotelefoon alleen als ik hem wil openen dan komt hij vast te staan dan gebeurt er niets en na entijdje dan wordt ik gewoonweernaar mijn bureauop atgestuurd,ik gebruik de app van ubank ik heb deze gewoon uit de playstore gehaald voor mijn android telefoon alleen als ik hem wil openen dan komt hij vast te staan dan gebeurt er niks na een tijdje word ik gewoon weer naar mijn bureaublad gestuurd,ik gebruik de app van ubank ik heb deze gewoon uit de playstore gehaald voor mijn android telefoon alleen als ik hem wil openen dan komt hij vast te staan dan gebeurt er niks na een tijdje word ik gewoon weer naar mijn bureaublad gestuurd,< ><n><e>ik gebruik de<a>< ><e><d>< ><k><i>< ><w><u><r><b><e><g>< ><k><i>< > app va(r)_u_a(e)(t)_i(e)(n)_eb (e)(e)z(d) <o>_ewoon uit (a)(n)_playst(e)re g___ald voor mijn android telefoon alleen als ik hem wil openen dan komt hij vast te s(t)ta<e><n>< >a_ _an gebe< ><n><a><d><t>urt er ni_s na_een tijdje word (p)( )k(t)_ewoon weer naar mijn bureaublad gestuurd
ik wil wel vandaag de app gebruiken maar de app laat helemaal niks hij doet het niet meer,ik wil wel vandaag de et gebruiken maar de abflaatt helemaal niks hij doet het niet meer,ik wil wel vandaag de app gebruiken maar de app laat helemaal niks hij doet het niet meer,ik wil wel vandaag de app gebruiken maar de app laat helemaal niks hij doet het niet meer,ik wil wel vandaag de (e)(t)_ gebruiken maar de a(b)(f)_laa<t>t helemaal niks hij doet het niet meer
ja goeiedag ik wilde even doorgeven dat mijn app niet goed op ja zeg maar laat dus nou kan mijn saldo ook niet zien kan daar wat aan gedaan worden want ik ja vind dit wel vervelend,ja goeije dag maar ik wilde even doorgeven dat mij na ept nie te goedte ope ja zeg mij laat dusse nauw komn mij naar saddo niet te zien kan er wat aan gedaan worden want ik ja ik vindet het wel vervelend,ja goeiedag ik wilde even doorgeven dat mijn app niet goed op ja zeg maar laat dus nou kan mijn saldo ook niet zien kan daar wat aan gedaan worden want ik ja vind dit wel vervelend,ja goeiedag ik wilde even doorgeven dat mijn app niet goed op ja zeg maar laat dus nou kan mijn saldo ook niet zien kan daar wat aan gedaan worden want ik ja vind dit wel vervelend,ja goei<j>< >eda< ><r><a><a><m>g ik wilde even doorgeven < ><a>(e)a(t) mij< ><e>n ap<e><t>p<e> niet go(i)(j)_op ja zeg<e><s>(a)m<w>a(m)ar la< ><r><a><a>(d)t d____ou ka< ><e><t>n mijn(e)__ldo ook niet zien kan daar wat aan < ><k><i>g<t>(h)(e)daan worden want ik ja vind dit wel vervelend
als ik de app van mijn bank probeer te openen laat de app niet hij loopt meteen vast,als ik de ap van de bank voor wit te openen laat de ep niet haar lood meteen vast,als ik de app van mijn bank probeer te openen laat de app niet hij loopt meteen vast,als ik de app van mijn bank probeer te openen laat de app niet hij loopt meteen vast,als ik de ap_ van (d)(e)__ bank (v)(o)o( )(w)(i)(t)r te openen laat de(e)a_p niet (a)(r)ij l(d)_pt meteen vast
kijk de app van mijn bank werkt,gooi de eb van men nauw bankwerk niet,kijk de app van mijn bank werkt,kijk de app van mijn bank werkt,(g)(o)(o)(i) de (e)(b)_ van m(n)( )j<w><u><a>n _ank <e><i><n>< >werkt
de app laat niet,de ap laat niet,de app laat niet,de app laat niet,de ap_ laat niet
de bank app werkt niet hij blijft telkens maar op het begin scherm staan met een laat icoontje dus ik kan niet verder,de bankwerkt niet hij blijft telkens maar op rinschem staan met een latikootje dus je kan niet verder,de bank app werkt niet hij blijft telkens maar op het begin scherm staan met een laat icoontje dus ik kan niet verder,de bank app werkt niet hij blijft telkens maar op het begin scherm staan met een laat icoontje dus ik kan niet verder,de bank_____werkt niet hij blijft telkens maar op (r)______in_sche_m staan met een la_t_i(k)oo_tje dus (j)(e) kan niet verder
hey ik heb jullie app proberen te downloaden maar hij opent niet kunnen jullie mij hierbij helpen,hije ik heb jullie <unk>t proberen te downloden maar hij opent niet kunne jullie mij hierbij helpen,hey ik heb jullie app proberen te downloaden maar hij opent niet kunnen jullie mij hierbij helpen,hey ik heb jullie app proberen te downloaden maar hij opent niet kunnen jullie mij hierbij helpen,h<j>_ey ik heb julli(k)(>)(t)e app proberen te d_wnloaden maar hij opent niet _unnen jullie mij hierbij helpen
goedemiddag ik heb op het moment een probleempje met uw app kunt u mij misschien even helpen ik probeer in te loggen maar de app laat zichzelf niet ik kan mijn account zolder niet zien het laat zien dat ik geen toegang heb tot mijn account dus ik wilde even vragen of u mij daarmee zou kunnen helpen,hoe de middag ik heb ap het moment een probleemje met uw ep cutimimciner je helpen an probeer in te lochen maar de et laat zichzelf niet waar kan maan een kant  zalden niet zienn laat zien dat a ik geen toegang heb tot mijn count duza na ik wel even vroag hof u mij daarmee kan zou kunnen helpen,goedemiddag ik heb op het moment een probleempje met uw app kunt u mij misschien even helpen ik probeer in te loggen maar de app laat zichzelf niet ik kan mijn account zolder niet zien het laat zien dat ik geen toegang heb tot mijn account dus ik wilde even vragen of u mij daarmee zou kunnen helpen,goedemiddag ik heb op het moment een probleempje met uw app kunt u mij misschien even helpen ik probeer in te loggen maar de app laat zichzelf niet ik kan mijn account zolder niet zien het laat zien dat ik geen toegang heb tot mijn account dus ik wilde even vragen of u mij daarmee zou kunnen helpen,(h)oe< >d< >emiddag ik he(a) op het moment een proble_mpje met u(e) _p(c) _u(i)__u __j___s(i)(n)h(r)e(j)_e_en helpe(a)(n)ik probeer in te (c)(h)ggen maar d(e)(t)_pp laat zichzelf nie(a)(r)t ik k(a)(a) m(e)(n)( )(k)(a)acc< >(a)unt(n)zolder nie(n)___en het laat zie< ><a>n dat ik geen toegang heb t_t_mijn ac(a)c< ><a><n>o(e)n__dus ik w<o>i( )(h)_ even vragen of <n><a><k>< >u mij daarmee zou kunnen helpen
de app werkt niet goed hij laat niet,de ab werkt niet goed hij laat niet,de app werkt niet goed hij laat niet,de app werkt niet goed hij laat niet,de a(b)_ werkt niet goed hij laat niet
de app open niet ondanks dat ik een verbinding heb met het internet,we heb opent niet ondanks dat ik een verbinding heb met het internet,de app open niet ondanks dat ik een verbinding heb met het internet,de app open niet ondanks dat ik een verbinding heb met het internet,(w)e (h)(e)(b) open<t> niet ondanks dat ik een verbinding heb met het internet
goedemiddag ik ben klant bij uw bank en gebruik de app maar ik heb problemen met de app ik kan mijn account salary niet zien weet u wat ik kan doen,goedemiddag ik ben klam bij uw bank en gebruikt ze ep maar k het problem met de epp  kan mijn accountsal er niet zien weten wat je kan doen,goedemiddag ik ben klant bij uw bank en gebruik de app maar ik heb problemen met de app ik kan mijn account salary niet zien weet u wat ik kan doen,goedemiddag ik ben klant bij uw bank en gebruik de app maar ik heb problemen met de app ik kan mijn account salary niet zien weet u wat ik kan doen,goedemiddag ik ben kla(m)_ bij uw bank en gebruik<t>(z)de(e)a_p maar_ik h(t)b proble__n met de(e)app__k kan mijn accoun_ sa(e)l_ry niet zien _e(e)(n) u wa(j)(e)ik kan doen
the application of my android did not work,de aplicatie op mijn endroyt doet het niet,the application of my android did not work,the application of my android did not work,(d)_e ap_licati(e)_ o(p) m(n)<i>(e) and(y)(t)id(e)(t)d(h)(e) n(n)(i)(e)(t)ork
ik heb geen toegang tot mijn account,ik heb geen toegang tot mijn account,ik heb geen toegang tot mijn account,ik heb geen toegang tot mijn account,ik heb geen toegang tot mijn account
goedemorgen ik probeer net in te loggen op de app maar elke keer als ik de code heb ingetoetsen en wil inloggen dan crasht app en kom ik er niet in wat kan ik hier dan doen is dat mijn kenprobleem,maa e goede morgen ik probeer net te intelofsen op ee de ep maar elk keer als i ke de kodapeerertoetser wil inloegen dan de castepene commicalitin e wat te kan ik hieraan doen is het bekend probleem,goedemorgen ik probeer net in te loggen op de app maar elke keer als ik de code heb ingetoetsen en wil inloggen dan crasht app en kom ik er niet in wat kan ik hier dan doen is dat mijn kenprobleem,goedemorgen ik probeer net in te loggen op de app maar elke keer als ik de code heb ingetoetsen en wil inloggen dan crasht app en kom ik er niet in wat kan ik hier dan doen is dat mijn kenprobleem,< ><e>< ><a><a>< ><m>goedemorgen ik probe< ><e>_er_ne(f)(s)in te < ><e><e>(e)o_gen op de_app maar el< ><e>ke (k)ee(a)(p)(e)l(r)(e)(r)___e code(r)h___ingetoet(e)en en wi< >_<d>l_i(e)_o(e)(n)e_ (c)an(m)c(c)(a)(l)___a_p_en < ><e>ko< ><e><t>m ik er (a)_et in wat k(h)(e) i(b)(e)___r d< ><d>an doen is dat mijn kenprobleem
hi de app van de bank werkt niet goed zou je me hiermee kunnen helpen,hijm de eb van de banken werkt niet goed en zou je me hiermee kunnen helpen,hi de app van de bank werkt niet goed zou je me hiermee kunnen helpen,hi de app van de bank werkt niet goed zou je me hiermee kunnen helpen,hi<m><j> d(e)(b)_pp van de ba<n><e>nk werkt niet <n><e>< >goed zou je me hiermee kunnen helpen
het lukt me niet om de app goed te gebruiken hij wil niet laden,het lukt me niet om de apgoed te gebruiken hij wil niet laden,het lukt me niet om de app goed te gebruiken hij wil niet laden,het lukt me niet om de app goed te gebruiken hij wil niet laden,het lukt me niet om de ap__goed te gebruiken hij wil niet laden
hallo ik probeerde de app te gebruiken maar hij laadt niet kunt u mij helpen,allo ik probeerde de et te gebruiken maar helaas niet kunt u mij helpen,hallo ik probeerde de app te gebruiken maar hij laadt niet kunt u mij helpen,hallo ik probeerde de app te gebruiken maar hij laadt niet kunt u mij helpen,_allo ik probeerde de (e)(t)_ te gebruiken maar h(e)__laa(s)_ niet kunt u mij helpen
the app doesnt load is there a problem,de eplaad niet is er een probleem,the app doesnt load is there a problem,the app doesnt load is there a problem,(d)_e (e)p(a)(a) ( )(n)(i)(e)nt_____ is__he< >(e)(n) a pro<e>blem
goedemiddag u spreekt met de heer ik probeer in te loggen in mijn app maar de app laat niet zijn er misschien werkzaamheden bezig,voe middag is frequentair ik ep probeermen te loggen in mijn ap maar de ap laat niet zijn er misschien e e werkzaamheden bezig,goedemiddag u spreekt met de heer ik probeer in te loggen in mijn app maar de app laat niet zijn er misschien werkzaamheden bezig,goedemiddag u spreekt met de heer ik probeer in te loggen in mijn app maar de app laat niet zijn er misschien werkzaamheden bezig,(v)oe( )_middag (s)u(f)_pr<u>(n)e(a)(i)(r)_m(i)(k) _e(p)_e___ik prob(m)(e)r in te loggen in mijn_app maar de_app laat niet zijn er missch<e>< ><e>< >ien werkzaamheden bezig
goedemiddag ik ben benne langendijk ik bel vanwege de app van uw bank ja die laat niet ik bedoel laat mijn nieuwe account salen maar niet op en dan staat dat er wordt onderhouden maar ja wist ik veel wat het nu was en nu heb ik geen toegang tot mijn account wat moet ik nou doen hoe kunnen we dit oplossen want ik heb het nu toch echt nodig ik wil toch echt wel weten wat erop staat ik heb mijn geld gestort ik wil toch echt weten wat erop staat ik wil toch echt weten wat erop staat ik wil mijn geld gestort ik wil mijn geld gestort ik wil mijn geld gestort ik wil mijn geld gestort ik wil mijn geld gestort ik wil mijn geld gestort ik wil mijn geld gestort ik wil mijn geld gestort ik wil mijn geld gestort ik wil mijn geld gestort ik wil mijn geld gestort ik wil mijn geld gestort ik wil mijn geld gestort ik wil mijn geld gestort ik wil mijn geld gestort ik wil mijn geld gestort ik wil mijn geld gestort ik wil mijn geld gestort ik wil mijn geld gestort ik wil mijn geld gestort ik wil mijn geld gestort ik wil mijn geld gestort ik wil mijn geld gestort ik wil mijn geld gestort ik wil mijn geld gestort ik wil mijn geld gestort ik wil mijn geld gestort ik wil mijn geld gestort ik wil mijn geld gestort ik wil mijn geld gestort ik wil mijn geld gestort ik wil mijn geld gestort ik wil mijn geld gestort ik wil mijn geld gestort ik wil mijn geld gestort ik wil mijn geld gestort ik wil mijn geld gestort ik wil mijn geld gestort ik wil mijn geld gestort ik wil mijn geld gestort ik wil mijn geld gestort ik wil mijn geld gestort ik wil mijn geld stok ik wil,miher goedemiraars ben met de ben belangrijk jar ik bel vanwege de ep die er van u bank ja ni laat niet ik bedoel warm allen laat mijn nieuwe acoutsalden maar niet op en staat dat er wordt onderhoudenmaar ja wist eert veel wel een duwars en u heb ik geen ekapelig een toegang top en an kaanm gen bor ik wal doen hoeweu kunnen we dit oploss on ik heb ik nut toch echt nodig wil toch ech wel weden water opstaan met mijn geldgesporg gestorttegon fijn om te rijpen,goedemiddag ik ben benne langendijk ik bel vanwege de app van uw bank ja die laat niet ik bedoel laat mijn nieuwe account salen maar niet op en dan staat dat er wordt onderhouden maar ja wist ik veel wat het nu was en nu heb ik geen toegang tot mijn account wat moet ik nou doen hoe kunnen we dit oplossen want ik heb het nu toch echt nodig ik wil toch echt wel weten wat erop staat ik heb mijn geld gestort ik wil toch echt weten wat erop staat ik wil toch echt weten wat erop staat ik wil mijn geld gestort ik wil mijn geld gestort ik wil mijn geld gestort ik wil mijn geld gestort ik wil mijn geld gestort ik wil mijn geld gestort ik wil mijn geld gestort ik wil mijn geld gestort ik wil mijn geld gestort ik wil mijn geld gestort ik wil mijn geld gestort ik wil mijn geld gestort ik wil mijn geld gestort ik wil mijn geld gestort ik wil mijn geld gestort ik wil mijn geld gestort ik wil mijn geld gestort ik wil mijn geld gestort ik wil mijn geld gestort ik wil mijn geld gestort ik wil mijn geld gestort ik wil mijn geld gestort ik wil mijn geld gestort ik wil mijn geld gestort ik wil mijn geld gestort ik wil mijn geld gestort ik wil mijn geld gestort ik wil mijn geld gestort ik wil mijn geld gestort ik wil mijn geld gestort ik wil mijn geld gestort ik wil mijn geld gestort ik wil mijn geld gestort ik wil mijn geld gestort ik wil mijn geld gestort ik wil mijn geld gestort ik wil mijn geld gestort ik wil mijn geld gestort ik wil mijn geld gestort ik wil mijn geld gestort ik wil mijn geld gestort ik wil mijn geld gestort ik wil mijn geld stok ik wil,goedemiddag ik ben benne langendijk ik bel vanwege de app van uw bank ja die laat niet ik bedoel laat mijn nieuwe account salen maar niet op en dan staat dat er wordt onderhouden maar ja wist ik veel wat het nu was en nu heb ik geen toegang tot mijn account wat moet ik nou doen hoe kunnen we dit oplossen want ik heb het nu toch echt nodig ik wil toch echt wel weten wat erop staat ik heb mijn geld gestort ik wil toch echt weten wat erop staat ik wil toch echt weten wat erop staat ik wil mijn geld gestort ik wil mijn geld gestort ik wil mijn geld gestort ik wil mijn geld gestort ik wil mijn geld gestort ik wil mijn geld gestort ik wil mijn geld gestort ik wil mijn geld gestort ik wil mijn geld gestort ik wil mijn geld gestort ik wil mijn geld gestort ik wil mijn geld gestort ik wil mijn geld gestort ik wil mijn geld gestort ik wil mijn geld gestort ik wil mijn geld gestort ik wil mijn geld gestort ik wil mijn geld gestort ik wil mijn geld gestort ik wil mijn geld gestort ik wil mijn geld gestort ik wil mijn geld gestort ik wil mijn geld gestort ik wil mijn geld gestort ik wil mijn geld gestort ik wil mijn geld gestort ik wil mijn geld gestort ik wil mijn geld gestort ik wil mijn geld gestort ik wil mijn geld gestort ik wil mijn geld gestort ik wil mijn geld gestort ik wil mijn geld gestort ik wil mijn geld gestort ik wil mijn geld gestort ik wil mijn geld gestort ik wil mijn geld gestort ik wil mijn geld gestort ik wil mijn geld gestort ik wil mijn geld gestort ik wil mijn geld gestort ik wil mijn geld gestort ik wil mijn geld stok ik wil,< ><r><e><h><i><m>g(r)(a)d(s)e(e)(n)i(m)d(t)g< ><e><d>(b) _k be(r)__enne< ><r><a><j> langendijk ik(e)b(e)<d>< ><r><e>< >e_ vanwege (n)e_app van uw bank ja di<a><l>< ><n><e><l>< ><m><r><a><w>e laat n_et_i_ be<d>doel laat mijn nie____account salen maar niet op en _an staat dat (r)(t)er word(e)(l)o(e)d(n)r(d)o_de<r>n ma_r ja wist ik v__l(k)w(p)_________________________ (l)_e(g) ______g____ ___n___c_____w_t_____ (g)__no______________________________se_______ik(p)_eb____________ e_h(n) (k)______k (n)________e___ we(n)_w(b)___ w_t ero(a) s(d)a___i________jn_________________________ __________________p_____________________h______________o_________k(u)_i_________l(u)_______t________________________t__k_____________________t ________________ _________k__i_______________________w_________e___________________i___g_____________________j(p)_______e_______________j______________________m________________________m____g_____________________j_____________t _____________eld(h)_________k(b)_i________eld_______t(u)________i___g____________________ij(c)(h)g_____________k(c)(h)____i___g__________t__________j__________________w_________e___________i___i___________ ges_____________ij(c)(h)g_____________k(c)(h)i___________ _________k _i___________ _________k_w__ ________________t ________________ (a)_______________i_________________k________n_g_____________________j(p)_____________________mi(a)(a)____________t ____________________t_____k______i___g_______tort ik w_l m(p)jn______________i___il mijn _____________________i_________________k___l___j_____________t (f)____________e________rt _________j__________t___ ________i_________________k__i_____n__e________r(p)__k_____________________t__________________________________________ gestort ik wil mijn geld stok ik wil
ik heb geen toegang meer tot mijn account,ik heb geen toegang meer toe tedn mijn erkount,ik heb geen toegang meer tot mijn account,ik heb geen toegang meer tot mijn account,ik heb geen toegang meer to< ><n><d><e><e>t (e)(r)(k)n account
op dit moment ben ik de app aan het gebruiken en ik kan dus niet verder terugkijken dan een jaar geleden wat heel erg storend is want ik moet mijn bank afschriften voor dit jaar en vorig jaar met elkaar vergelijken voor de belastingdienst,dit moment ben ik  epantgebruik en ik kan dus niet verder terugkijk kijken dan een jaars geleden wat heel erstorend is want ik moet mijn bankafschriften voor dit jaar en vors gaan hetkaar vergelijken voor de belasting is,op dit moment ben ik de app aan het gebruiken en ik kan dus niet verder terugkijken dan een jaar geleden wat heel erg storend is want ik moet mijn bank afschriften voor dit jaar en vorig jaar met elkaar vergelijken voor de belastingdienst,op dit moment ben ik de app aan het gebruiken en ik kan dus niet verder terugkijken dan een jaar geleden wat heel erg storend is want ik moet mijn bank afschriften voor dit jaar en vorig jaar met elkaar vergelijken voor de belastingdienst,___dit moment ben ik ( )e__p__a_n___t_gebruik__ en ik kan dus niet verder terugkijk<k><j><i><k>< >en dan een<s> jaar geleden wat h__l erg storend is want ik moet mij_ bank afschriften voor dit jaar (s)_ (g)or(n)g(h)ja___met elkaar vergelijken voor de bel( )s__n_dienst
goedemiddag u spreekt met jannie de winter ik ben klant bij ing en ik heb dezelfde ingapp maar de app laat niet als ik de app opzart laat die mijn saldo niet zien en sluit de app automatisch af ik heb de app al eraf gegooid en opnieuw erop geprobeerd te zetten alleen het geeft geen verandering,goeja middag bespreekt met janny d winter aan ik ben klant bijingee en ernaar ik heb zelf de en eng-eb maar de eblaat niet e naar goed te af de aplobsart laat els lat die mijn saldoe niet zien en sluitten hep automatisch af naar goed en kheb e ebwat aan het draf gooiten opnieuwderoprbef ceppen alleen geeft dus ean miar het geeft geen verandering er kunt u mij verder helpen,goedemiddag u spreekt met jannie de winter ik ben klant bij ing en ik heb dezelfde ingapp maar de app laat niet als ik de app opzart laat die mijn saldo niet zien en sluit de app automatisch af ik heb de app al eraf gegooid en opnieuw erop geprobeerd te zetten alleen het geeft geen verandering,goedemiddag u spreekt met jannie de winter ik ben klant bij ing en ik heb dezelfde ingapp maar de app laat niet als ik de app opzart laat die mijn saldo niet zien en sluit de app automatisch af ik heb de app al eraf gegooid en opnieuw erop geprobeerd te zetten alleen het geeft geen verandering,goe(a)( )emiddag(b)(e) spreekt met jan(y)_e _e winter< ><n><a><a> ik ben klan_ bi<e><e>j < ><r><a><a><n><r><e>__g en< > i(e) <n>(-)(e)(b)eb dezelf(e)(b)__ngapp maar<n>(a)(r) (e)(d)d< ><f><a>< ><e>(l)_ (b)(s)p laat ni< ><t><a><l>< ><s><l><e>et als<e> ik de app opzart (t)(e)(n)t(h)(e)ie mijn saldo nie(a)(r)t<k>< ><n><e>( )< ><t><a>(a)(n)<d>(e)(t)<o>(d) zien__n s(t)_it de app (d)utom<f>(c)<b><r>(a)(l)(l)<p>a(n)_s(g)h<t>(d)(u)(s)( )f<a> (m)(i)(a)(r)__ de app al eraf gegooid en <n><e><p><l><e><h>< ><r><e><d><r><e><v>< ><j><i><m>< ><u>< ><t><n><u><k>< ><r><e>< >opnieuw erop geprobeerd te zetten alleen het geeft geen verandering
hallo de app die laat niet ik wil mijn bankstel wel bekijken maar ik kan het niet zien er staat iets over onhoud maar ik heb gewoon geen toegang kunnen jullie dat oplossen,hij houdt de ruise ap die laat niet je wil nij bangsol wel bekijken maar ik kan het niet zien es haats iets over onderhoud maar ik heb gan gmijn toegaan kun e je dat oplossen,hallo de app die laat niet ik wil mijn bankstel wel bekijken maar ik kan het niet zien er staat iets over onhoud maar ik heb gewoon geen toegang kunnen jullie dat oplossen,hallo de app die laat niet ik wil mijn bankstel wel bekijken maar ik kan het niet zien er staat iets over onhoud maar ik heb gewoon geen toegang kunnen jullie dat oplossen,h(j)( )(h)l<t><d><u>o< ><e>_<i><u><r> de app die (j)(e)at ni(n)t _k wi(g) (o)_jn bankstel wel bekijken maar ik kan het n(s)e(h)_zie<s>n er staat i<r><e><d>ets over onhoud(a)___r i(i)(j) heb ge<a>_oon ( )e_n ____ang kunnen jullie dat oplossen
de app die heeft niet veel weer en draait een koontje rond,terf dif die heeft niet  veel weer en wij drijft een bom dontcje rons,de app die heeft niet veel weer en draait een koontje rond,de app die heeft niet veel weer en draait een koontje rond,(t)e<f>(d)(i)(f)pp die heeft nie< >t veel weer < ><j>(i)(j)(f)n draa(b)t<d>< ><m><c> een (s)oontje rond
hallo ik open de net app en ik zag dat die niet laden ligt dat aan mijn internet of moet ik mijn wachtwoord ergens invullen ligt het aan mij of zijn er technische problemen bij de bank kunnen jullie mij daarbij helpen,holo ike opene netten ep en ik ga zagdat die niet laden en ligt dat aan mijn internet of en moet ik mijn wachtwoord ergs invullen 'zet ligt het aar mij of zijn nieuwen technische problemen bij de bank en kunt u daar mij bij helpen,hallo ik open de net app en ik zag dat die niet laden ligt dat aan mijn internet of moet ik mijn wachtwoord ergens invullen ligt het aan mij of zijn er technische problemen bij de bank kunnen jullie mij daarbij helpen,hallo ik open de net app en ik zag dat die niet laden ligt dat aan mijn internet of moet ik mijn wachtwoord ergens invullen ligt het aan mij of zijn er technische problemen bij de bank kunnen jullie mij daarbij helpen,h(o)l_o ik<e> ope<e>(n) (t)(t) (n)e(e) _pp en i< ><a><g>_ zag dat die niet l< ><n><e>aden ligt dat aan mijn inte< ><n><e>rnet of moet ik mijn wac__woord ergen< ><t><e><z><'>s invu(r)len ligt het <i>(n)<w><u><n>aan mij of zijn er technische p< ><n><e>(t)( )(u)l(d)(a)(a)(r)__ij de____k kunnen jullie mij daarbij helpen
hoi ik maak gebruik van jullie app en die lijkt niet helemaal goed te werken ik kan mijn salon niet zien,en woei erk maak gebruik van julie  p en die lijkt niet hem goed te werken er ik kan mij sallo niet zien,hoi ik maak gebruik van jullie app en die lijkt niet helemaal goed te werken ik kan mijn salon niet zien,hoi ik maak gebruik van jullie app en die lijkt niet helemaal goed te werken ik kan mijn salon niet zien,(w)<n><e><e>(r)hoi ik maak gebruik va_ ju( )l_e app en die lijkt ni__ ___emaal goed te we< ><r><e>rken ik_kan <l>_ijn salon niet zien
goedemiddag je spreekt met thomas ik ben nu sinds een aantal weken klant bij jullie en jullie hebben zon app die ik echt geweldig vind om te gebruiken echt super handig maar als ik hem open dan staat er dat ik geen internetverbinding heb terwijl ik heb gewoon een internetverbinding dus dat zou ik gewoon moeten doen kunnen jullie mij daarbij helpen,goeden middag gisprkt met thomas en ja ik ben u sinds de aangelegen landen jullie en em k heb julli heb zo'n ep die ik echt vergeweldig vends wangens om te gebruiken echt superhandig maar een ja als ik hem open dan stamijdag geen internetverbinding heb te wilde ja ik heb gewoon internetverminiers het zout van moeten doen een kanueling met mu e ja kunen lie mij daarbij helpen,goedemiddag je spreekt met thomas ik ben nu sinds een aantal weken klant bij jullie en jullie hebben zon app die ik echt geweldig vind om te gebruiken echt super handig maar als ik hem open dan staat er dat ik geen internetverbinding heb terwijl ik heb gewoon een internetverbinding dus dat zou ik gewoon moeten doen kunnen jullie mij daarbij helpen,goedemiddag je spreekt met thomas ik ben nu sinds een aantal weken klant bij jullie en jullie hebben zon app die ik echt geweldig vind om te gebruiken echt super handig maar als ik hem open dan staat er dat ik geen internetverbinding heb terwijl ik heb gewoon een internetverbinding dus dat zou ik gewoon moeten doen kunnen jullie mij daarbij helpen,goede< ><n>midda(g)(i)_e s__eekt met thoma< ><a><j>< ><n><e>s_ik ben n(d) _inds(g)(e)e__a(g)nta_ we(d)(e)(n)__lant bij ju< ><b><e><h>< >_< ><m><e>l___ en<'> (e)u_lie hebben zo<r><e><v>n app d(e)e <s>< ><s><n><e><g><n><a><w>ik echt geweldig v_nd om te geb<j><a>< >< ><n><e><e>ruiken echt supe(m)(i)(j)___ig(g)m___ als ik hem open dan staat er ( )at< >(a)<d><l> ik geen inte____verbinding (m)eb_t(e)(r)___l (h)(e) heb (t)__o(v)(a)___n internetverb< >(a)<e>(u)i<i><g>< ><k>( )<e><n>< ><a><e>< ><u><m>< ><t><e><m><l>nding dus dat zou ik gewoon moeten doen kunnen jullie mij daarbij helpen
hallo ik kan geen toegang krijgen tot mijn bankaccount want de app slaat niet,vano ik kan geen toegang krijgen tot mijn bankerkount want ze abslaat niet,hallo ik kan geen toegang krijgen tot mijn bankaccount want de app slaat niet,hallo ik kan geen toegang krijgen tot mijn bankaccount want de app slaat niet,(v)a(n)_o ik kan geen toegang krijgen tot mijn bank(e)(r)(k)ount want (z)e a(b)__slaat niet
de app loopt vast waardoor ik mezelf nog niet meer kan zien,de aploop wast wat ook mij selden nieuer kan zien,de app loopt vast waardoor ik mezelf nog niet meer kan zien,de app loopt vast waardoor ik mezelf nog niet meer kan zien,de ap__loop_ (w)ast wa(t)( )_oo(k) <m>(j)k(s)m__e(d)(e) __g ni(u)___eer kan zien
mijn app laat niet,mijn ap laat niet,mijn app laat niet,mijn app laat niet,mijn ap_ laat niet
goedemiddag mijn app werkt niet goed er staat dat het onderhouden wordt en nu heb ik geen toegang,goede middag mijn atbif nieuwis en anstaat dat het onderhouden wort en u hebt geen toegang,goedemiddag mijn app werkt niet goed er staat dat het onderhouden wordt en nu heb ik geen toegang,goedemiddag mijn app werkt niet goed er staat dat het onderhouden wordt en nu heb ik geen toegang,goede< >middag mijn (t)(b)(i)(f)____t ni(w)(i)(s)( )g(n)e(a)(n)_r staat dat het onderhouden w_rdt e_ nu h(t)__ik geen toegang
ik heb sinds gisteren de app genstalleerd maar wanneer ik probeer is in te loggen lukt dat niet dan krijg ik een phone melding te zien,ik heb sijns gisteren de eb geinsalleerd en maag wanneer probeezen in te lokkeen luk dat dit tataail een foutmelding te vinden,ik heb sinds gisteren de app genstalleerd maar wanneer ik probeer is in te loggen lukt dat niet dan krijg ik een phone melding te zien,ik heb sinds gisteren de app genstalleerd maar wanneer ik probeer is in te loggen lukt dat niet dan krijg ik een phone melding te zien,ik heb si<j>_ds gisteren de(e)(b)_p g(i)n_talleerd< ><n><e>(g)maar wann___ ik pr(z)(e)(n)_r is in t(k)(k)l<e>ogge_ lukt(d)d_t (t)i(t)(a)(a)_a(l)_k___g ik(f)_e(u)(t)_hone meldin(v) <d><n>te zien
er is een probleem met de app hij werkt niet,er is een probleem met de ep hij werkt niet,er is een probleem met de app hij werkt niet,er is een probleem met de app hij werkt niet,er is een probleem met de (e)_p hij werkt niet
goedemorgen ik was bezig met mijn geldbedragen via jullie app te regelen alleen nu merk ik dat het bedragen niet overgemaakt worden hij wil daarbij niet laden dus ik krijg geen nieuw bedrag te zien wat kan ik hiermee doen,goeienmorgen e ik was bezig met en mufel bedragen vie jullie eb teregelen alleen en almerk ik dat de bedragen hierover gemaakt worden hij wil daarbij nietnieut e later zokom ik rij geen nieuw bedrag te zien wat kan ik hiermee doen,goedemorgen ik was bezig met mijn geldbedragen via jullie app te regelen alleen nu merk ik dat het bedragen niet overgemaakt worden hij wil daarbij niet laden dus ik krijg geen nieuw bedrag te zien wat kan ik hiermee doen,goedemorgen ik was bezig met mijn geldbedragen via jullie app te regelen alleen nu merk ik dat het bedragen niet overgemaakt worden hij wil daarbij niet laden dus ik krijg geen nieuw bedrag te zien wat kan ik hiermee doen,goe(i)e<n>morgen< ><e> ik was bezig m(e)(n)( )(m)(u)(f)n ( )eldbedragen(e)via jull(e)(b)_app_te regelen alle<e>(a)(l)n nu merk ik(d)d_t het bedr(h)ge(r)_niet< > overgemaakt worden hij wil daarbi<t>< ><e>(t)<e>(r)<n>(k)(o)(m) nie_ la_en dus ik krijg geen nieuw bedrag te zien wat kan ik hiermee doen
ik probeer de app van de bank te gebruiken maar deze laat niet,ik probeer de ap van de bank te gebruiken maar deze laat niet,ik probeer de app van de bank te gebruiken maar deze laat niet,ik probeer de app van de bank te gebruiken maar deze laat niet,ik probeer de ap_ van de bank te gebruiken maar deze laat niet
hallo ik maak gebruik van jullie app voor het internetbankieren maar op dit moment krijg ik constant een error en de app wil niet openen en zo kan ik ook niet mijn saldo bekijken en dan moet ik nog een overboek doen maar er staat dat ik er niet bij kan is er iets aan de hand is er een storing,halo ik maake het gebruik van jullie ep voor het internetboedieren e maar op dit moment krijg ge consteld een error en de aphilt niet opena en zo kan ik ook niet een saldo bekijken en moet ik de vanoverboeking doen maar ik strafhetekera dat ik er niet bijkan en is je r ze een hond is haar storie,hallo ik maak gebruik van jullie app voor het internetbankieren maar op dit moment krijg ik constant een error en de app wil niet openen en zo kan ik ook niet mijn saldo bekijken en dan moet ik nog een overboek doen maar er staat dat ik er niet bij kan is er iets aan de hand is er een storing,hallo ik maak gebruik van jullie app voor het internetbankieren maar op dit moment krijg ik constant een error en de app wil niet openen en zo kan ik ook niet mijn saldo bekijken en dan moet ik nog een overboek doen maar er staat dat ik er niet bij kan is er iets aan de hand is er een storing,hal_o ik maak<e>< ><t><e><h> gebruik van ju(e)l_e app voor het inte(o)(e)(d)tbanki< ><e>eren maar op dit moment(g)(e)rijg i(e)(l)(d)onstant een error e(h)__e <t>app wil n(a)_t openen en zo kan ik o(e)(e)_niet mijn saldo beki____ en dan (d)(e)_t(v)(a)k_nog een <g><n><i>overboek(i)(k)oen<r>(e)<f><a><r><e><k><e> maar er staat_dat (e)(n) (i)(s) (j)i( )(r) (z)(e)_ (e)a<n>n(o)is er (h)(a)(a)(r)__an de (e)_nd is er een storing
goedemiddag ik heb een beetje problemen met de app met jullie app hij werkt niet zoals verwacht ik loop namelijk een probleempje aan elke keer als ik probeer mijn saldo te laden dan loop die vast en ik weet niet meer hoe die update komt maar ja ik zou graag een beetje hulp willen,bijje goed middag ik heb een beetje problemen met de ep met jullie ap hij werkt niete zoals verwacht ik en dot nam ik een probleempje aan aan elkje als ik probere masaldotaria dan dan op die vast jongdoerdiebeid kom maar hij aakt zou graag een beetje hulp beaanwillen,goedemiddag ik heb een beetje problemen met de app met jullie app hij werkt niet zoals verwacht ik loop namelijk een probleempje aan elke keer als ik probeer mijn saldo te laden dan loop die vast en ik weet niet meer hoe die update komt maar ja ik zou graag een beetje hulp willen,goedemiddag ik heb een beetje problemen met de app met jullie app hij werkt niet zoals verwacht ik loop namelijk een probleempje aan elke keer als ik probeer mijn saldo te laden dan loop die vast en ik weet niet meer hoe die update komt maar ja ik zou graag een beetje hulp willen,< ><e><j><j>( )<b>goedemiddag ik heb een beetje problemen m(e)t_de app met jul_ie app hij werk<e>t niet zoals verwa( )(d)c(t)t ik( )_o_p namelijk een problee(a)(n)( )j(l) (j)a_ elke keer al<r>_ i(a)___obeer_m(a)(r)(i) < >(a)aldo t_ _aden dan lo(j)(o)_________ (g)(d)(o)__ _e_____et (b)(e)(i)r___e di_ updat<i>< >(a)(k)(t)komt maar ja ik zou graag e<n><a><a><e><b>en beetje hulp willen
goedemiddag ik was even online moest ik wat overmaken want geld ik zag dat de app niet werkte ik had nu niet bij mij geld en ik kan zelf ook niets overmaken het is heel belangrijk ik vroeg me af hoe ik dit moest doen en hoe ik dit kan oplossen alvast bedankt en bel me graag terug,een goei middag ik was even onlin moest ik zo wat overmaken wat geld en ik dag dat apnietwerk de ic comonie bij mij gelf en ik gan zelf nook eens overmaken met u heel belangrijk voor waar hoo ik dit moest doen en hoe ik dat kan oplossen org wast bedankt vaner wel maar gag terug,goedemiddag ik was even online moest ik wat overmaken want geld ik zag dat de app niet werkte ik had nu niet bij mij geld en ik kan zelf ook niets overmaken het is heel belangrijk ik vroeg me af hoe ik dit moest doen en hoe ik dit kan oplossen alvast bedankt en bel me graag terug,goedemiddag ik was even online moest ik wat overmaken want geld ik zag dat de app niet werkte ik had nu niet bij mij geld en ik kan zelf ook niets overmaken het is heel belangrijk ik vroeg me af hoe ik dit moest doen en hoe ik dit kan oplossen alvast bedankt en bel me graag terug,< ><n><e>(i)( )oedemiddag ik was even o_line moest< ><o><z> ik wat overm_ken wan< ><n><e>(d) geld i___ag__at d_ app(d) ni(c)t(c)(o)(m)(o)k___ik_had nu niet (f)ij mij (g)eld en i<n>k k(e)_ (n)elf ook niet(m) ov(u)_maken het is heel___l(o)n(r)_i(w)(a)_i(r) vr(o)eg me af hoe ik dit moest doen(a)en hoe ik dit k(g)( )(w)n oplossen a<n>(r)<v>(w)vast(r)<a> __dankt en bel me graag terug
hi ik probeer mijn bankrekening te bekijken maar de app doet het niet,hi ik kun je probeer mijn elangrekening te bekijken maar de ef doet het niet,hi ik probeer mijn bankrekening te bekijken maar de app doet het niet,hi ik probeer mijn bankrekening te bekijken maar de app doet het niet,hi ik < ><e><j>< ><n><u><k>probee(l)r (g)ijn bankrekening te bekijken (e)(f)_r de app doet het niet
goedendag ik bel u omdat ik een probleem heb met mijn bank app de app wil namelijk niet laden en ik wil graag mijn account saldo kunnen bereiken maar dan kan het dus niet laden de app zegt dat het onderhoud is en nu heb ik helemaal geen toegang op mijn account hoe kunnen we dit oplossen,goeden dag ik pel u om dat ik een probleem heb met jijn met mijn bank heb die aprueel namelijk niet laden en ik wil graag en wate ecantsandeou kunnen bereiken maar ook an des niet la heb a de ebzacht dat je onderhout jis en nu heb ik hem nal geen toegang tot mijn kant hoe kunnen we dit oplossen,goedendag ik bel u omdat ik een probleem heb met mijn bank app de app wil namelijk niet laden en ik wil graag mijn account saldo kunnen bereiken maar dan kan het dus niet laden de app zegt dat het onderhoud is en nu heb ik helemaal geen toegang op mijn account hoe kunnen we dit oplossen,goedendag ik bel u omdat ik een probleem heb met mijn bank app de app wil namelijk niet laden en ik wil graag mijn account saldo kunnen bereiken maar dan kan het dus niet laden de app zegt dat het onderhoud is en nu heb ik helemaal geen toegang op mijn account hoe kunnen we dit oplossen,goeden< >dag ik(p)bel u o< >mdat ik een probleem heb me< ><m>< ><t><e><n><j><i><j>t(h)(e)(b)jn<i> ba(r)(u)(e)(e)pp de app wil namelijk niet laden en i(e)__il<w>(e)<e>(a)_gr_ag(n)m<e><u>ijn account saldo kun(o)(o)(k) _ere(d)k____aar dan k(h)a(b) < ><a>h(e)(b)(z)(a)(c)(h)_niet l(j)d_n de app (t)e<j>gt dat het onderh(m)( )(n) _s en nu heb ik <t>(t)elemaa<k>____en toegang op mijn account hoe kunnen we dit oplossen
ik heb een error in de app van nulli bank en nu kom ik niet in mijn account,ik heb een aiwer in de ab van julli pank en nu kom met die ten bijna koud,ik heb een error in de app van nulli bank en nu kom ik niet in mijn account,ik heb een error in de app van nulli bank en nu kom ik niet in mijn account,ik heb een (a)(i)(w)(e)r in de a(b)_ van (j)ulli (p)ank en nu kom (e)(t)k(d)ni< >(e)_ i(b) mi_n( )(k)cc(d)_nt
hi ik gebruik jullie app maar ik heb vandaag problemen hij wil wel openen maar daarna kreeg ik een raar scherm met een foutmelding is dit iets waar jullie bij kunnen helpen alsjeblieft,hij ik k gebruik jullie uit maar ik ik heb vandaag problemen hij wil wel openen maar daarna krijg ik een rujmscherm met een foutmelding  is is dit iets waar jullie bij kunnen helpen alsblieft,hi ik gebruik jullie app maar ik heb vandaag problemen hij wil wel openen maar daarna kreeg ik een raar scherm met een foutmelding is dit iets waar jullie bij kunnen helpen alsjeblieft,hi ik gebruik jullie app maar ik heb vandaag problemen hij wil wel openen maar daarna kreeg ik een raar scherm met een foutmelding is dit iets waar jullie bij kunnen helpen alsjeblieft,hi<j> ik< ><k> gebruik jull(u)(i)(t)app maar < ><k><i>ik heb vandaag problemen hij wil wel openen maar daa(i)(j)a kreeg ik(u)(j)(m)_ raar scherm met een foutme< >ld< ><s><i>ing is dit iets waar jullie bij kunnen __lpen alsjeblieft
hallo ik wilde graag mijn bankgegevens opvragen in de app maar hij laat mijn nieuwe account faldo niet op er staat nu dat er onderhoud wordt gedaan aan de app en ik heb nu geen toegang meer tot mijn account,ha nou ik willen graag mijr bankgevens ofvragen in ip-mila mijn nieuwe galndvaal dan niet op et staat nu t e onderhoud wordt gedaan aan ij heb en ik heb nu gen geen toegang meer tot mijnegaal,hallo ik wilde graag mijn bankgegevens opvragen in de app maar hij laat mijn nieuwe account faldo niet op er staat nu dat er onderhoud wordt gedaan aan de app en ik heb nu geen toegang meer tot mijn account,hallo ik wilde graag mijn bankgegevens opvragen in de app maar hij laat mijn nieuwe account faldo niet op er staat nu dat er onderhoud wordt gedaan aan de app en ik heb nu geen toegang meer tot mijn account,ha( )(n)o<u> ik wi(l)d<n>e graag m(r)jn bank__gevens(f)opvragen i(i)___ (-)_p_____ __j __at mijn nieuw<g>(l)___c(d)(v)(a)t < >(n)faldo niet(t)op er staa__nu _at er onderhoud wordt gedaan(i)(j)a(h)(e)(b)e app en ik heb <g><e>< ><n>nu geen toegang meer(g) (a)(l)____jn account
goedemorgen ik ben gebruiker van de app van ubank alleen sinds de ochtend laat hij mijn informatie niet meer ik zie niet meer wat mijn celbouw is en wat mijn gegevens zijn en ik kan ook nergens vinden dat er een storing is ik zou graag willen weten hoe we dit op kunnen lossen of dat ik iets anders moet doen bedankt,goedemorgen ik ben gebruiker van de app van uw bank alleenszinds nochtend enlaat hij hem mijn informatie niet meer ik zienindien meer wat mi seldo is en wat mijn gegevens zijn en ik kan ook nergens vinden dat ven storing is ik zou grag willen weten hoe u hoe wij dit op kunnen lossen of dat ik iets anders moet doen bedankt,goedemorgen ik ben gebruiker van de app van ubank alleen sinds de ochtend laat hij mijn informatie niet meer ik zie niet meer wat mijn celbouw is en wat mijn gegevens zijn en ik kan ook nergens vinden dat er een storing is ik zou graag willen weten hoe we dit op kunnen lossen of dat ik iets anders moet doen bedankt,goedemorgen ik ben gebruiker van de app van ubank alleen sinds de ochtend laat hij mijn informatie niet meer ik zie niet meer wat mijn celbouw is en wat mijn gegevens zijn en ik kan ook nergens vinden dat er een storing is ik zou graag willen weten hoe we dit op kunnen lossen of dat ik iets anders moet doen bedankt,goedemorgen ik ben gebruiker van de app van u< ><w>bank alle(s)(z) sind(n)__e ochten<n><e>d laat <e><m>< ><h>hij mijn informatie niet mee(i)r<d> (n)k zie niet m__r(s)wa(d) __jn celbouw is en wat mijn gegevens zijn en ik kan ook nergens v(v)__e_ dat er een storing is _k zou graag willen < >(j)<e><o><h>< ><u>weten hoe we dit op kunnen lossen of dat ik iets anders moet doen bedankt
goedemiddag ik wil met jullie app mijn saldo checken maar er staat dat het onderhoud is klopt dat,goedmidag ik wil met de jullie ep mij naar saldood jekken maar be staat dat de de onderhaud is klopt dat,goedemiddag ik wil met jullie app mijn saldo checken maar er staat dat het onderhoud is klopt dat,goedemiddag ik wil met jullie app mijn saldo checken maar er staat dat het onderhoud is klopt dat,goed_mid_ag ik wil met < ><e><d>jull(e)e_app < ><r><a><a>mij<d>(j)_ (k)aldo chec<b>_en maar er (d)t(e)< >aat da(a) het onderhoud is klopt dat
ik zou graag een rekening willen betalen,ik zou graag een rekening willen betalen,ik zou graag een rekening willen betalen,ik zou graag een rekening willen betalen,ik zou graag een rekening willen betalen
ik wil graag een rekening betalen kunt u mij hiermee helpen,ik wil graag een rekening betalen kunt u mij hiermee helpen,ik wil graag een rekening betalen kunt u mij hiermee helpen,ik wil graag een rekening betalen kunt u mij hiermee helpen,ik wil graag een rekening betalen kunt u mij hiermee helpen
ik wil graag een betaalink doen,ik wil graag een betaling doen,ik wil graag een betaalink doen,ik wil graag een betaalink doen,ik wil graag een beta_lin(g) doen
